Book,Line,Word,Text,Length
7,1,1,ὧς,long
7,1,2,ὁ,short
7,1,3,μὲν,short
7,1,4,ἔνθ’,long
7,1,5,ἠρ,long
7,1,5,ᾶτ,long
7,1,5,ο,short
7,1,6,πολ,short
7,1,6,ύτλ,long
7,1,6,ας,long
7,1,7,δῖ,long
7,1,7,ος,short
7,1,8,Ὀδ,short
7,1,8,υσσ,long
7,1,8,"εύς,",long
7,2,1,κούρ,long
7,2,1,ην,long
7,2,2,δὲ,long
7,2,3,προτ,short
7,2,3,ὶ,short
7,2,4,ἄστ,long
7,2,4,υ,short
7,2,5,φέρ,short
7,2,5,εν,long
7,2,6,μέν,short
7,2,6,ος,short
7,2,7,ἡμ,long
7,2,7,ι,short
7,2,7,όν,short
7,2,7,οι,long
7,2,7,ϊν.,long
7,3,1,ἡ,long
7,3,2,δ’ὅτ,short
7,3,2,ε,short
7,3,3,δὴ,long
7,3,4,οὗ,long
7,3,5,πατρ,long
7,3,5,ὸς,short
7,3,6,ἀγ,short
7,3,6,ακλ,long
7,3,6,υτ,short
7,3,6,ὰ,short
7,3,7,δώμ,long
7,3,7,αθ’,short
7,3,8,ἵκ,short
7,3,8,αν,long
7,3,8,"ε,",long
7,4,1,στῆσ,long
7,4,1,εν,short
7,4,2,ἄρ’,short
7,4,3,ἐν,long
7,4,4,προθ,short
7,4,4,ύρ,short
7,4,4,οισ,long
7,4,4,"ι,",short
7,4,5,κασ,short
7,4,5,ίγν,long
7,4,5,ητ,long
7,4,5,οι,long
7,4,6,δέ,short
7,4,7,μιν,short
7,4,8,ἀμφ,long
7,4,8,ὶς,long
7,5,1,ἵστ,long
7,5,1,αντ’,long
7,5,2,ἀθ,long
7,5,2,αν,short
7,5,2,άτ,short
7,5,2,οις,long
7,5,3,ἐν,short
7,5,3,αλ,short
7,5,3,ίγκ,long
7,5,3,ι,short
7,5,3,"οι,",short
7,5,4,οἵ,long
7,5,5,ῥ’ὑπ’,short
7,5,6,ἀπ,short
7,5,6,ήν,long
7,5,6,ης,long
7,6,1,ἡμ,long
7,6,1,ι,short
7,6,1,όν,short
7,6,1,ους,long
7,6,2,ἔλ,short
7,6,2,υ,short
7,6,2,ον,long
7,6,3,ἐσθ,long
7,6,3,ῆτ,long
7,6,3,ά,short
7,6,4,τε,short
7,6,5,ἔσφ,long
7,6,5,ερ,short
7,6,5,ον,short
7,6,6,εἴσ,long
7,6,6,ω.,long
7,7,1,αὐτ,long
7,7,1,ὴ,long
7,7,2,δ’ἐς,long
7,7,3,θάλ,short
7,7,3,αμ,short
7,7,3,ον,long
7,7,4,ἑ,short
7,7,4,ὸν,short
7,7,5,ἤ,long
7,7,5,ϊ,short
7,7,5,ε·,short
7,7,6,δαῖ,long
7,7,6,ε,short
7,7,7,δέ,short
7,7,8,οἱ,long
7,7,9,πῦρ,long
7,8,1,γρη,long
7,8,1,ῢς,short
7,8,2,Ἀπ,short
7,8,2,ειρ,long
7,8,2,αί,long
7,8,2,"η,",long
7,8,3,θαλ,short
7,8,3,αμ,short
7,8,3,ηπ,long
7,8,3,όλ,short
7,8,3,ος,short
7,8,4,Εὐρ,long
7,8,4,υμ,short
7,8,4,έδ,short
7,8,4,ουσ,long
7,8,4,"α,",long
7,9,1,τήν,long
7,9,2,ποτ’,short
7,9,3,Ἀπ,short
7,9,3,είρ,long
7,9,3,ηθ,long
7,9,3,εν,long
7,9,4,νέ,short
7,9,4,ες,short
7,9,5,ἤγ,long
7,9,5,αγ,short
7,9,5,ον,short
7,9,6,ἀμφ,long
7,9,6,ι,short
7,9,6,έλ,short
7,9,6,ισσ,long
7,9,6,αι·,long
7,10,1,Ἀλκ,long
7,10,1,ιν,short
7,10,1,ό,short
7,10,1,ῳ,long
7,10,2,δ’αὐτ,long
7,10,2,ὴν,long
7,10,3,γέρ,short
7,10,3,ας,short
7,10,4,ἔξ,long
7,10,4,ελ,short
7,10,4,"ον,",short
7,10,5,οὕν,long
7,10,5,εκ,short
7,10,5,α,short
7,10,6,πᾶσ,long
7,10,6,ι,long
7,11,1,Φαι,long
7,11,1,ήκ,long
7,11,1,εσσ,long
7,11,1,ιν,short
7,11,2,ἄν,short
7,11,2,ασσ,long
7,11,2,"ε,",short
7,11,3,θε,short
7,11,3,οῦ,long
7,11,4,δ’ὣς,long
7,11,5,δῆμ,long
7,11,5,ος,short
7,11,6,ἄκ,short
7,11,6,ου,long
7,11,6,εν·,long
7,12,1,ἣ,long
7,12,2,τρέφ,short
7,12,2,ε,short
7,12,3,Ναυσ,long
7,12,3,ικ,short
7,12,3,ά,short
7,12,3,αν,long
7,12,4,λευκ,long
7,12,4,ώλ,long
7,12,4,εν,short
7,12,4,ον,short
7,12,5,ἐν,long
7,12,6,μεγ,short
7,12,6,άρ,short
7,12,6,οισ,long
7,12,6,ιν.,long
7,13,1,ἥ,long
7,13,2,οἱ,long
7,13,3,πῦρ,long
7,13,4,ἀν,short
7,13,4,έκ,short
7,13,4,αι,long
7,13,4,ε,short
7,13,5,καὶ,short
7,13,6,εἴσ,long
7,13,6,ω,long
7,13,7,δόρπ,long
7,13,7,ον,short
7,13,8,ἐκ,short
7,13,8,όσμ,long
7,13,8,ει.,long
7,14,1,καὶ,long
7,14,2,τότ’,short
7,14,3,Ὀδ,short
7,14,3,υσσ,long
7,14,3,εὺς,long
7,14,4,ὦρτ,long
7,14,4,ο,short
7,14,5,πόλ,short
7,14,5,ινδ’,long
7,14,6,ἴμ,short
7,14,6,εν·,short
7,14,7,ἀμφ,long
7,14,7,ὶ,short
7,14,8,δ’Ἀθ,short
7,14,8,ήν,long
7,14,8,η,long
7,15,1,πολλ,long
7,15,1,ὴν,long
7,15,2,ἠ,long
7,15,2,έρ,short
7,15,2,α,short
7,15,3,χεῦ,long
7,15,3,ε,short
7,15,4,φίλ,short
7,15,4,α,long
7,15,5,φρον,short
7,15,5,έ,short
7,15,5,ουσ’,long
7,15,6,Ὀδ,short
7,15,6,υσ,short
7,15,6,ῆ,long
7,15,6,"ϊ,",long
7,16,1,μή,long
7,16,2,τις,long
7,16,3,Φαι,long
7,16,3,ήκ,long
7,16,3,ων,long
7,16,4,μεγ,short
7,16,4,αθ,short
7,16,4,ύμ,long
7,16,4,ων,long
7,16,5,ἀντ,long
7,16,5,ιβ,short
7,16,5,ολ,short
7,16,5,ήσ,long
7,16,5,ας,long
7,17,1,κερτ,long
7,17,1,ομ,short
7,17,1,έ,short
7,17,1,οι,long
7,17,2,τ’ἐπ,short
7,17,2,έ,short
7,17,2,εσσ,long
7,17,2,ι,short
7,17,3,καὶ,short
7,17,4,ἐξ,long
7,17,4,ερ,short
7,17,4,έ,short
7,17,4,οιθ’,long
7,17,5,ὅτ,short
7,17,5,ις,short
7,17,6,εἴ,long
7,17,6,η.,long
7,18,1,ἀλλ’,long
7,18,2,ὅτ,short
7,18,2,ε,short
7,18,3,δὴ,long
7,18,4,ἄρ’,short
7,18,5,ἔμ,short
7,18,5,ελλ,long
7,18,5,ε,short
7,18,6,πόλ,short
7,18,6,ιν,long
7,18,7,δύσ,long
7,18,7,εσθ,long
7,18,7,αι,short
7,18,8,ἐρ,short
7,18,8,ανν,long
7,18,8,"ήν,",long
7,19,1,ἔνθ,long
7,19,1,α,short
7,19,2,οἱ,short
7,19,3,ἀντ,long
7,19,3,εβ,short
7,19,3,όλ,short
7,19,3,ησ,long
7,19,3,ε,short
7,19,4,θε,short
7,19,4,"ά,",long
7,19,5,γλαυκ,long
7,19,5,ῶπ,long
7,19,5,ις,short
7,19,6,Ἀθ,short
7,19,6,ήν,long
7,19,6,"η,",long
7,20,1,παρθ,long
7,20,1,εν,short
7,20,1,ικ,short
7,20,1,ῇ,long
7,20,2,ἐ,short
7,20,2,ϊκ,short
7,20,2,υῖ,long
7,20,2,α,short
7,20,3,νε,short
7,20,3,ήν,long
7,20,3,ιδ,short
7,20,3,"ι,",short
7,20,4,κάλπ,long
7,20,4,ιν,short
7,20,5,ἐχ,short
7,20,5,ούσ,long
7,20,5,ῃ.,long
7,21,1,στῆ,long
7,21,2,δὲ,long
7,21,3,πρόσθ’,long
7,21,4,αὐτ,long
7,21,4,"οῦ,",long
7,21,5,ὁ,short
7,21,6,δ’ἀν,short
7,21,6,είρ,long
7,21,6,ετ,short
7,21,6,ο,short
7,21,7,δῖ,long
7,21,7,ος,short
7,21,8,Ὀδ,short
7,21,8,υσσ,long
7,21,8,εύς·,long
7,22,1,ὦ,long
7,22,2,τέκ,short
7,22,2,"ος,",short
7,22,3,οὐκ,long
7,22,4,ἄν,long
7,22,5,μοι,long
7,22,6,δόμ,short
7,22,6,ον,short
7,22,7,ἀν,long
7,22,7,έρ,short
7,22,7,ος,short
7,22,8,ἡγ,long
7,22,8,ήσ,long
7,22,8,αι,long
7,22,8,ο,long
7,23,1,Ἀλκ,long
7,23,1,ιν,short
7,23,1,ό,short
7,23,1,"ου,",long
7,23,2,ὃς,long
7,23,3,τοῖσδ,long
7,23,3,ε,short
7,23,4,μετ’,short
7,23,5,ἀνθρ,long
7,23,5,ώπ,long
7,23,5,οισ,long
7,23,5,ιν,short
7,23,6,ἀν,short
7,23,6,άσσ,long
7,23,6,ει;,long
7,24,1,καὶ,long
7,24,2,γὰρ,short
7,24,3,ἐγ,short
7,24,3,ὼ,long
7,24,4,ξεῖν,long
7,24,4,ος,long
7,24,5,ταλ,short
7,24,5,απ,short
7,24,5,είρ,long
7,24,5,ι,short
7,24,5,ος,short
7,24,6,ἐνθ,long
7,24,6,άδ’,short
7,24,7,ἱκ,short
7,24,7,άν,long
7,24,7,ω,long
7,25,1,τηλ,long
7,25,1,όθ,short
7,25,1,εν,short
7,25,2,ἐξ,long
7,25,3,ἀπ,short
7,25,3,ί,short
7,25,3,ης,long
7,25,4,γαί,long
7,25,4,ης·,long
7,25,5,τῶ,long
7,25,6,οὔ,long
7,25,7,τιν,short
7,25,7,α,short
7,25,8,οἶδ,long
7,25,8,α,long
7,26,1,ἀνθρ,long
7,26,1,ώπ,long
7,26,1,"ων,",long
7,26,2,οἳ,long
7,26,3,τήνδ,long
7,26,3,ε,short
7,26,4,πόλ,short
7,26,4,ιν,long
7,26,5,καὶ,long
7,26,6,γαῖ,long
7,26,6,αν,short
7,26,7,ἔχ,short
7,26,7,ουσ,long
7,26,7,ι.,long
7,27,1,τὸν,long
7,27,2,δ’αὖτ,long
7,27,2,ε,long
7,27,3,προσ,short
7,27,3,έ,short
7,27,3,ειπ,long
7,27,3,ε,short
7,27,4,θε,short
7,27,4,ά,long
7,27,5,γλαυκ,long
7,27,5,ῶπ,long
7,27,5,ις,short
7,27,6,Ἀθ,short
7,27,6,ήν,long
7,27,6,η·,long
7,28,1,τοιγ,long
7,28,1,ὰρ,short
7,28,2,ἐγ,short
7,28,2,ώ,long
7,28,3,"τοι,",long
7,28,4,ξεῖν,long
7,28,4,ε,short
7,28,5,πάτ,short
7,28,5,"ερ,",long
7,28,6,δόμ,short
7,28,6,"ον,",short
7,28,7,ὅν,long
7,28,8,με,short
7,28,9,κελ,short
7,28,9,εύ,long
7,28,9,"εις,",long
7,29,1,δείξ,long
7,29,1,"ω,",short
7,29,2,ἐπ,short
7,29,2,εί,long
7,29,3,μοι,long
7,29,4,πατρ,long
7,29,4,ὸς,short
7,29,5,ἀμ,short
7,29,5,ύμ,long
7,29,5,ον,short
7,29,5,ος,short
7,29,6,ἐγγ,long
7,29,6,ύθ,short
7,29,6,ι,short
7,29,7,ναί,long
7,29,7,ει.,long
7,30,1,ἀλλ’,long
7,30,2,ἴθ,short
7,30,2,ι,short
7,30,3,σιγ,long
7,30,3,ῇ,long
7,30,4,τοῖ,long
7,30,4,"ον,",short
7,30,5,ἐγ,short
7,30,5,ὼ,long
7,30,6,δ’ὁδ,short
7,30,6,ὸν,short
7,30,7,ἡγ,long
7,30,7,εμ,short
7,30,7,ον,short
7,30,7,εύσ,long
7,30,7,"ω,",long
7,31,1,μηδ,long
7,31,1,έ,short
7,31,2,τιν’,short
7,31,3,ἀνθρ,long
7,31,3,ώπ,long
7,31,3,ων,long
7,31,4,προτ,short
7,31,4,ι,short
7,31,4,όσσ,long
7,31,4,ε,short
7,31,4,ο,short
7,31,5,μηδ’,long
7,31,6,ἐρ,short
7,31,6,έ,short
7,31,6,ειν,long
7,31,6,ε.,long
7,32,1,οὐ,long
7,32,2,γὰρ,long
7,32,3,ξείν,long
7,32,3,ους,long
7,32,4,οἵ,long
7,32,5,γε,short
7,32,6,μάλ’,short
7,32,7,ἀνθρ,long
7,32,7,ώπ,long
7,32,7,ους,long
7,32,8,ἀν,short
7,32,8,έχ,short
7,32,8,οντ,long
7,32,8,"αι,",long
7,33,1,οὐδ’,long
7,33,2,ἀγ,short
7,33,2,απ,short
7,33,2,αζ,long
7,33,2,όμ,short
7,33,2,εν,short
7,33,2,οι,long
7,33,3,φιλ,short
7,33,3,έ,short
7,33,3,ουσ’,long
7,33,4,ὅς,long
7,33,5,κ’ἄλλ,long
7,33,5,οθ,short
7,33,5,εν,short
7,33,6,ἔλθ,long
7,33,6,ῃ.,long
7,34,1,νηυσ,long
7,34,1,ὶ,short
7,34,2,θο,short
7,34,2,ῇσ,long
7,34,2,ιν,long
7,34,3,τοί,long
7,34,4,γε,short
7,34,5,πεπ,short
7,34,5,οιθ,long
7,34,5,ότ,short
7,34,5,ες,short
7,34,6,ὠκ,long
7,34,6,εί,long
7,34,6,ῃσ,long
7,34,6,ι,long
7,35,1,λαῖτμ,long
7,35,1,α,short
7,35,2,μέγ’,short
7,35,3,ἐκπ,long
7,35,3,ερ,short
7,35,3,ό,short
7,35,3,ωσ,long
7,35,3,"ιν,",short
7,35,4,ἐπ,short
7,35,4,εί,long
7,35,5,σφισ,short
7,35,5,ι,short
7,35,6,δῶκ’,long
7,35,7,ἐν,short
7,35,7,οσ,short
7,35,7,ίχθ,long
7,35,7,ων·,long
7,36,1,τῶν,long
7,36,2,νέ,short
7,36,2,ες,short
7,36,3,ὠκ,long
7,36,3,εῖ,long
7,36,3,αι,long
7,36,4,ὡς,long
7,36,5,εἰ,long
7,36,6,πτερ,short
7,36,6,ὸν,short
7,36,7,ἠ,long
7,36,7,ὲ,short
7,36,8,νό,short
7,36,8,ημ,long
7,36,8,α.,long
7,37,1,ὣς,long
7,37,2,ἄρ,short
7,37,2,α,short
7,37,3,φων,long
7,37,3,ήσ,long
7,37,3,ασ’,long
7,37,4,ἡγ,long
7,37,4,ήσ,long
7,37,4,ατ,short
7,37,4,ο,short
7,37,5,Παλλ,long
7,37,5,ὰς,short
7,37,6,Ἀθ,short
7,37,6,ήν,long
7,37,6,η,long
7,38,1,καρπ,long
7,38,1,αλ,short
7,38,1,ίμ,short
7,38,1,ως·,long
7,38,2,ὁ,short
7,38,3,δ’ἔπ,short
7,38,3,ειτ,long
7,38,3,α,short
7,38,4,μετ’,short
7,38,5,ἴχν,long
7,38,5,ι,short
7,38,5,α,short
7,38,6,βαῖν,long
7,38,6,ε,short
7,38,7,θε,short
7,38,7,οῖ,long
7,38,7,ο.,long
7,39,1,τὸν,long
7,39,2,δ’ἄρ,short
7,39,2,α,short
7,39,3,Φαί,long
7,39,3,ηκ,long
7,39,3,ες,long
7,39,4,ναυσ,long
7,39,4,ικλ,long
7,39,4,υτ,short
7,39,4,οὶ,short
7,39,5,οὐκ,long
7,39,6,ἐν,short
7,39,6,ό,short
7,39,6,ησ,long
7,39,6,αν,long
7,40,1,ἐρχ,long
7,40,1,όμ,short
7,40,1,εν,short
7,40,1,ον,long
7,40,2,κατ,short
7,40,2,ὰ,short
7,40,3,ἄστ,long
7,40,3,υ,short
7,40,4,δι,short
7,40,4,ὰ,long
7,40,5,σφέ,short
7,40,5,ας·,short
7,40,6,οὐ,long
7,40,7,γὰρ,short
7,40,8,Ἀθ,short
7,40,8,ήν,long
7,40,8,η,long
7,41,1,εἴ,long
7,41,1,α,short
7,41,2,ἐ,short
7,41,2,ϋπλ,long
7,41,2,όκ,short
7,41,2,αμ,short
7,41,2,"ος,",long
7,41,3,δειν,long
7,41,3,ὴ,long
7,41,4,θε,short
7,41,4,"ός,",short
7,41,5,ἥ,long
7,41,6,ῥά,short
7,41,7,οἱ,short
7,41,8,ἀχλ,long
7,41,8,ὺν,long
7,42,1,θεσπ,long
7,42,1,εσ,short
7,42,1,ί,short
7,42,1,ην,long
7,42,2,κατ,short
7,42,2,έχ,short
7,42,2,ευ,long
7,42,2,ε,short
7,42,3,φίλ,short
7,42,3,α,long
7,42,4,φρον,short
7,42,4,έ,short
7,42,4,ουσ’,long
7,42,5,ἐν,short
7,42,5,ὶ,short
7,42,6,θυμ,long
7,42,6,ῷ.,long
7,43,1,θαύμ,long
7,43,1,αζ,long
7,43,1,εν,long
7,43,2,δ’Ὀδ,short
7,43,2,υσ,short
7,43,2,εὺς,long
7,43,3,λιμ,short
7,43,3,έν,short
7,43,3,ας,long
7,43,4,καὶ,long
7,43,5,νῆ,long
7,43,5,ας,short
7,43,6,ἐ,short
7,43,6,ΐσ,long
7,43,6,ας,long
7,44,1,αὐτ,long
7,44,1,ῶν,long
7,44,2,θ’ἡρ,long
7,44,2,ώ,long
7,44,2,ων,long
7,44,3,ἀγ,short
7,44,3,ορ,short
7,44,3,ὰς,long
7,44,4,καὶ,long
7,44,5,τείχ,long
7,44,5,ε,short
7,44,5,α,short
7,44,6,μακρ,long
7,44,6,ὰ,long
7,45,1,ὑψ,long
7,45,1,ηλ,long
7,45,1,"ά,",long
7,45,2,σκολ,short
7,45,2,όπ,short
7,45,2,εσσ,long
7,45,2,ιν,short
7,45,3,ἀρ,short
7,45,3,ηρ,long
7,45,3,ότ,short
7,45,3,"α,",short
7,45,4,θαῦμ,long
7,45,4,α,short
7,45,5,ἰδ,short
7,45,5,έσθ,long
7,45,5,αι.,long
7,46,1,ἀλλ’,long
7,46,2,ὅτ,short
7,46,2,ε,short
7,46,3,δὴ,long
7,46,4,βασ,short
7,46,4,ιλ,short
7,46,4,ῆ,long
7,46,4,ος,short
7,46,5,ἀγ,short
7,46,5,ακλ,long
7,46,5,υτ,short
7,46,5,ὰ,short
7,46,6,δώμ,long
7,46,6,αθ’,short
7,46,7,ἵκ,short
7,46,7,οντ,long
7,46,7,"ο,",long
7,47,1,τοῖσ,long
7,47,1,ι,short
7,47,2,δὲ,short
7,47,3,μύθ,long
7,47,3,ων,long
7,47,4,ἦρχ,long
7,47,4,ε,short
7,47,5,θε,short
7,47,5,"ά,",long
7,47,6,γλαυκ,long
7,47,6,ῶπ,long
7,47,6,ις,short
7,47,7,Ἀθ,short
7,47,7,ήν,long
7,47,7,η·,long
7,48,1,οὗτ,long
7,48,1,ος,long
7,48,2,δή,long
7,48,3,"τοι,",long
7,48,4,ξεῖν,long
7,48,4,ε,short
7,48,5,πάτ,short
7,48,5,"ερ,",long
7,48,6,δόμ,short
7,48,6,"ος,",short
7,48,7,ὅν,long
7,48,8,με,short
7,48,9,κελ,short
7,48,9,εύ,long
7,48,9,εις,long
7,49,1,πεφρ,long
7,49,1,αδ,short
7,49,1,έμ,short
7,49,1,εν·,long
7,49,2,δή,long
7,49,2,εις,long
7,49,3,δὲ,short
7,49,4,δι,short
7,49,4,οτρ,long
7,49,4,εφ,short
7,49,4,έ,short
7,49,4,ας,long
7,49,5,βασ,short
7,49,5,ιλ,short
7,49,5,ῆ,long
7,49,5,ας,long
7,50,1,δαίτ,long
7,50,1,ην,long
7,50,2,δαιν,long
7,50,2,υμ,short
7,50,2,έν,short
7,50,2,ους·,long
7,50,3,σὺ,short
7,50,4,δ’ἔσ,short
7,50,4,ω,long
7,50,5,κί,short
7,50,5,"ε,",short
7,50,6,μηδ,long
7,50,6,έ,short
7,50,7,τι,short
7,50,8,θυμ,long
7,50,8,ῷ,long
7,51,1,τάρβ,long
7,51,1,ει·,long
7,51,2,θαρσ,long
7,51,2,αλ,short
7,51,2,έ,short
7,51,2,ος,long
7,51,3,γὰρ,short
7,51,4,ἀν,short
7,51,4,ὴρ,long
7,51,5,ἐν,long
7,51,6,πᾶσ,long
7,51,6,ιν,short
7,51,7,ἀμ,short
7,51,7,είν,long
7,51,7,ων,long
7,52,1,ἔργ,long
7,52,1,οισ,long
7,52,1,ιν,long
7,52,2,τελ,short
7,52,2,έθ,short
7,52,2,"ει,",long
7,52,3,εἰ,long
7,52,4,καί,long
7,52,5,ποθ,short
7,52,5,εν,short
7,52,6,ἄλλ,long
7,52,6,οθ,short
7,52,6,εν,short
7,52,7,ἔλθ,long
7,52,7,οι.,long
7,53,1,δέσπ,long
7,53,1,οιν,long
7,53,1,αν,long
7,53,2,μὲν,long
7,53,3,πρῶτ,long
7,53,3,α,short
7,53,4,κιχ,short
7,53,4,ήσ,long
7,53,4,ε,short
7,53,4,αι,short
7,53,5,ἐν,long
7,53,6,μεγ,short
7,53,6,άρ,short
7,53,6,οισ,long
7,53,6,ιν·,long
7,54,1,Ἀρ,long
7,54,1,ήτ,long
7,54,1,η,long
7,54,2,δ’ὄν,short
7,54,2,ομ’,short
7,54,3,ἐστ,long
7,54,3,ὶν,short
7,54,4,ἐπ,short
7,54,4,ών,long
7,54,4,υμ,short
7,54,4,"ον,",short
7,54,5,ἐκ,long
7,54,6,δὲ,short
7,54,7,τοκ,short
7,54,7,ή,long
7,54,7,ων,long
7,55,1,τῶν,long
7,55,2,αὐτ,long
7,55,2,ῶν,long
7,55,3,οἵ,long
7,55,4,περ,long
7,55,5,τέκ,short
7,55,5,ον,short
7,55,6,Ἀλκ,long
7,55,6,ίν,short
7,55,6,ο,short
7,55,6,ον,long
7,55,7,βασ,short
7,55,7,ιλ,short
7,55,7,ῆ,long
7,55,7,α.,long
7,56,1,Ναυσ,long
7,56,1,ίθ,short
7,56,1,ο,short
7,56,1,ον,long
7,56,2,μὲν,long
7,56,3,πρῶτ,long
7,56,3,α,short
7,56,4,Ποσ,short
7,56,4,ειδ,long
7,56,4,ά,long
7,56,4,ων,long
7,56,5,ἐν,short
7,56,5,οσ,short
7,56,5,ίχθ,long
7,56,5,ων,long
7,57,1,γείν,long
7,57,1,ατ,short
7,57,1,ο,short
7,57,2,καὶ,long
7,57,3,Περ,short
7,57,3,ίβ,short
7,57,3,οι,long
7,57,3,"α,",short
7,57,4,γυν,short
7,57,4,αικ,long
7,57,4,ῶν,long
7,57,5,εἶδ,long
7,57,5,ος,short
7,57,6,ἀρ,short
7,57,6,ίστ,long
7,57,6,"η,",long
7,58,1,ὁπλ,long
7,58,1,οτ,short
7,58,1,άτ,short
7,58,1,η,long
7,58,2,θυγ,short
7,58,2,άτ,short
7,58,2,ηρ,long
7,58,3,μεγ,short
7,58,3,αλ,short
7,58,3,ήτ,long
7,58,3,ορ,short
7,58,3,ος,short
7,58,4,Εὐρ,long
7,58,4,υμ,short
7,58,4,έδ,short
7,58,4,οντ,long
7,58,4,"ος,",long
7,59,1,ὅς,long
7,59,2,ποθ’,short
7,59,3,ὑπ,short
7,59,3,ερθ,long
7,59,3,ύμ,long
7,59,3,οισ,long
7,59,3,ι,short
7,59,4,Γιγ,short
7,59,4,άντ,long
7,59,4,εσσ,long
7,59,4,ιν,long
7,59,5,βασ,short
7,59,5,ίλ,short
7,59,5,ευ,long
7,59,5,εν.,long
7,60,1,ἀλλ’,long
7,60,2,ὁ,short
7,60,3,μὲν,short
7,60,4,ὤλ,long
7,60,4,εσ,short
7,60,4,ε,short
7,60,5,λα,long
7,60,5,ὸν,short
7,60,6,ἀτ,short
7,60,6,άσθ,long
7,60,6,αλ,short
7,60,6,"ον,",short
7,60,7,ὤλ,long
7,60,7,ετ,short
7,60,7,ο,short
7,60,8,δ’αὐτ,long
7,60,8,ός·,long
7,61,1,τῇ,long
7,61,2,δὲ,short
7,61,3,Ποσ,short
7,61,3,ειδ,long
7,61,3,ά,long
7,61,3,ων,long
7,61,4,ἐμ,short
7,61,4,ίγ,short
7,61,4,η,long
7,61,5,καὶ,short
7,61,6,ἐγ,short
7,61,6,είν,long
7,61,6,ατ,short
7,61,6,ο,short
7,61,7,παῖδ,long
7,61,7,α,long
7,62,1,Ναυσ,long
7,62,1,ίθ,short
7,62,1,ο,short
7,62,1,ον,long
7,62,2,μεγ,short
7,62,2,άθ,short
7,62,2,υμ,long
7,62,2,"ον,",short
7,62,3,ὃς,short
7,62,4,ἐν,long
7,62,5,Φαί,long
7,62,5,ηξ,long
7,62,5,ιν,short
7,62,6,ἄν,short
7,62,6,ασσ,long
7,62,6,ε·,long
7,63,1,Ναυσ,long
7,63,1,ίθ,short
7,63,1,ο,short
7,63,1,ος,long
7,63,2,δ’ἔτ,short
7,63,2,εκ,short
7,63,2,εν,long
7,63,3,Ῥηξ,long
7,63,3,ήν,long
7,63,3,ορ,short
7,63,3,ά,short
7,63,4,τ’Ἀλκ,long
7,63,4,ίν,short
7,63,4,ο,short
7,63,4,όν,long
7,63,5,τε.,long
7,64,1,τὸν,long
7,64,2,μὲν,short
7,64,3,ἄκ,short
7,64,3,ουρ,long
7,64,3,ον,short
7,64,4,ἐ,short
7,64,4,όντ,long
7,64,4,α,short
7,64,5,βάλ’,short
7,64,6,ἀργ,long
7,64,6,υρ,short
7,64,6,ότ,short
7,64,6,οξ,long
7,64,6,ος,short
7,64,7,Ἀπ,short
7,64,7,όλλ,long
7,64,7,ων,long
7,65,1,νυμφ,long
7,65,1,ί,short
7,65,1,ον,short
7,65,2,ἐν,long
7,65,3,μεγ,short
7,65,3,άρ,short
7,65,3,"ῳ,",long
7,65,4,μί,short
7,65,4,αν,short
7,65,5,οἴ,long
7,65,5,ην,long
7,65,6,παῖδ,long
7,65,6,α,short
7,65,7,λιπ,short
7,65,7,όντ,long
7,65,7,α,long
7,66,1,Ἀρ,long
7,66,1,ήτ,long
7,66,1,ην·,long
7,66,2,τὴν,long
7,66,3,δ’Ἀλκ,long
7,66,3,ίν,short
7,66,3,ο,short
7,66,3,ος,long
7,66,4,ποι,long
7,66,4,ήσ,long
7,66,4,ατ’,short
7,66,5,ἄκ,short
7,66,5,οιτ,long
7,66,5,"ιν,",long
7,67,1,καί,long
7,67,2,μιν,short
7,67,3,ἔτ,short
7,67,3,"ισ’,",long
7,67,4,ὡς,long
7,67,5,οὔ,long
7,67,6,τις,short
7,67,7,ἐπ,short
7,67,7,ὶ,long
7,67,8,χθον,short
7,67,8,ὶ,short
7,67,9,τί,long
7,67,9,ετ,short
7,67,9,αι,short
7,67,10,ἄλλ,long
7,67,10,"η,",long
7,68,1,ὅσσ,long
7,68,1,αι,long
7,68,2,νῦν,long
7,68,3,γε,short
7,68,4,γυν,short
7,68,4,αῖκ,long
7,68,4,ες,short
7,68,5,ὑπ’,short
7,68,6,ἀνδρ,long
7,68,6,άσ,short
7,68,6,ιν,short
7,68,7,οἶκ,long
7,68,7,ον,short
7,68,8,ἔχ,short
7,68,8,ουσ,long
7,68,8,ιν.,long
7,69,1,ὣς,long
7,69,2,κείν,long
7,69,2,η,long
7,69,3,περ,short
7,69,3,ὶ,short
7,69,4,κῆρ,long
7,69,4,ι,short
7,69,5,τετ,short
7,69,5,ίμ,long
7,69,5,ητ,long
7,69,5,αί,long
7,69,6,τε,short
7,69,7,καὶ,short
7,69,8,ἔστ,long
7,69,8,ιν,long
7,70,1,ἔκ,long
7,70,2,τε,short
7,70,3,φίλ,short
7,70,3,ων,long
7,70,4,παίδ,long
7,70,4,ων,long
7,70,5,ἔκ,long
7,70,6,τ’αὐτ,long
7,70,6,οῦ,long
7,70,7,Ἀλκ,long
7,70,7,ιν,short
7,70,7,ό,short
7,70,7,οι,long
7,70,7,ο,long
7,71,1,καὶ,long
7,71,2,λα,long
7,71,2,"ῶν,",long
7,71,3,οἵ,long
7,71,4,μίν,long
7,71,5,ῥα,short
7,71,6,θε,short
7,71,6,ὸν,long
7,71,7,ὣς,long
7,71,8,εἰσ,long
7,71,8,ορ,short
7,71,8,ό,short
7,71,8,ωντ,long
7,71,8,ες,long
7,72,1,δειδ,long
7,72,1,έχ,short
7,72,1,ατ,short
7,72,1,αι,long
7,72,2,μύθ,long
7,72,2,οισ,long
7,72,2,"ιν,",short
7,72,3,ὅτ,short
7,72,3,ε,long
7,72,4,στείχ,long
7,72,4,ῃσ’,long
7,72,5,ἀν,short
7,72,5,ὰ,short
7,72,6,ἄστ,long
7,72,6,υ.,long
7,73,1,οὐ,long
7,73,2,μὲν,long
7,73,3,γάρ,long
7,73,4,τι,short
7,73,5,νό,short
7,73,5,ου,long
7,73,6,γε,short
7,73,7,καὶ,short
7,73,8,αὐτ,long
7,73,8,ὴ,long
7,73,9,δεύ,long
7,73,9,ετ,short
7,73,9,αι,short
7,73,10,ἐσθλ,long
7,73,10,οῦ·,long
7,74,1,οἷσ,long
7,74,1,ι,short
7,74,2,τ’ἐ,short
7,74,2,ῢ,long
7,74,3,φρον,short
7,74,3,έ,short
7,74,3,ῃσ,long
7,74,3,ι,short
7,74,4,καὶ,short
7,74,5,ἀνδρ,long
7,74,5,άσ,short
7,74,5,ι,short
7,74,6,νείκ,long
7,74,6,ε,short
7,74,6,α,short
7,74,7,λύ,long
7,74,7,ει.,long
7,75,1,εἴ,long
7,75,2,κέν,long
7,75,3,τοι,long
7,75,4,κείν,long
7,75,4,η,long
7,75,5,γε,short
7,75,6,φίλ,short
7,75,6,α,long
7,75,7,φρον,short
7,75,7,έ,short
7,75,7,ῃσ’,long
7,75,8,ἐν,short
7,75,8,ὶ,short
7,75,9,θυμ,long
7,75,9,"ῷ,",long
7,76,1,ἐλπ,long
7,76,1,ωρ,long
7,76,1,ή,long
7,76,2,τοι,short
7,76,3,ἔπ,short
7,76,3,ειτ,long
7,76,3,α,short
7,76,4,φίλ,short
7,76,4,ους,long
7,76,5,τ’ἰδ,short
7,76,5,έ,short
7,76,5,ειν,long
7,76,6,καὶ,short
7,76,7,ἱκ,short
7,76,7,έσθ,long
7,76,7,αι,long
7,77,1,οἶκ,long
7,77,1,ον,short
7,77,2,ἐς,short
7,77,3,ὑψ,long
7,77,3,όρ,short
7,77,3,οφ,short
7,77,3,ον,long
7,77,4,καὶ,long
7,77,5,σὴν,long
7,77,6,ἐς,long
7,77,7,πατρ,long
7,77,7,ίδ,short
7,77,7,α,short
7,77,8,γαῖ,long
7,77,8,αν.,long
7,78,1,ὣς,long
7,78,2,ἄρ,short
7,78,2,α,short
7,78,3,φων,long
7,78,3,ήσ,long
7,78,3,ασ’,long
7,78,4,ἀπ,short
7,78,4,έβ,short
7,78,4,η,long
7,78,5,γλαυκ,long
7,78,5,ῶπ,long
7,78,5,ις,short
7,78,6,Ἀθ,short
7,78,6,ήν,long
7,78,6,η,long
7,79,1,πόντ,long
7,79,1,ον,short
7,79,2,ἐπ’,short
7,79,3,ἀτρ,long
7,79,3,ύγ,short
7,79,3,ετ,short
7,79,3,"ον,",long
7,79,4,λίπ,short
7,79,4,ε,short
7,79,5,δὲ,long
7,79,6,Σχερ,short
7,79,6,ί,short
7,79,6,ην,long
7,79,7,ἐρ,short
7,79,7,ατ,short
7,79,7,ειν,long
7,79,7,"ήν,",long
7,80,1,ἵκ,long
7,80,1,ετ,short
7,80,1,ο,short
7,80,2,δ’ἐς,long
7,80,3,Μαρ,short
7,80,3,αθ,short
7,80,3,ῶν,long
7,80,3,α,short
7,80,4,καὶ,short
7,80,5,εὐρ,long
7,80,5,υ,short
7,80,5,άγ,short
7,80,5,υι,long
7,80,5,αν,short
7,80,6,Ἀθ,short
7,80,6,ήν,long
7,80,6,"ην,",long
7,81,1,δῦν,long
7,81,1,ε,short
7,81,2,δ’Ἐρ,short
7,81,2,εχθ,long
7,81,2,ῆ,long
7,81,2,ος,long
7,81,3,πυκ,short
7,81,3,ιν,short
7,81,3,ὸν,long
7,81,4,δόμ,short
7,81,4,ον.,short
7,81,5,αὐτ,long
7,81,5,ὰρ,short
7,81,6,Ὀδ,short
7,81,6,υσσ,long
7,81,6,εὺς,long
7,82,1,Ἀλκ,long
7,82,1,ιν,short
7,82,1,ό,short
7,82,1,ου,long
7,82,2,πρὸς,long
7,82,3,δώμ,long
7,82,3,ατ’,short
7,82,4,ἴ,short
7,82,4,ε,long
7,82,5,κλυτ,short
7,82,5,ά·,short
7,82,6,πολλ,long
7,82,6,ὰ,short
7,82,7,δέ,short
7,82,8,οἱ,long
7,82,9,κῆρ,long
7,83,1,ὥρμ,long
7,83,1,αιν’,long
7,83,2,ἱστ,long
7,83,2,αμ,short
7,83,2,έν,short
7,83,2,"ῳ,",long
7,83,3,πρὶν,long
7,83,4,χάλκ,long
7,83,4,ε,short
7,83,4,ον,short
7,83,5,οὐδ,long
7,83,5,ὸν,short
7,83,6,ἱκ,short
7,83,6,έσθ,long
7,83,6,αι.,long
7,84,1,ὥς,long
7,84,2,τε,short
7,84,3,γὰρ,short
7,84,4,ἠ,long
7,84,4,ελ,short
7,84,4,ί,short
7,84,4,ου,long
7,84,5,αἴγλ,long
7,84,5,η,long
7,84,6,πέλ,short
7,84,6,εν,short
7,84,7,ἠ,long
7,84,7,ὲ,short
7,84,8,σελ,short
7,84,8,ήν,long
7,84,8,ης,long
7,85,1,δῶμ,long
7,85,1,α,short
7,85,2,καθ’,short
7,85,3,ὑψ,long
7,85,3,ερ,short
7,85,3,εφ,short
7,85,3,ὲς,long
7,85,4,μεγ,short
7,85,4,αλ,short
7,85,4,ήτ,long
7,85,4,ορ,short
7,85,4,ος,short
7,85,5,Ἀλκ,long
7,85,5,ιν,short
7,85,5,ό,short
7,85,5,οι,long
7,85,5,ο.,long
7,86,1,χάλκ,long
7,86,1,εοι,long
7,86,2,μὲν,long
7,86,3,γὰρ,long
7,86,4,τοῖχ,long
7,86,4,οι,short
7,86,5,ἐλ,short
7,86,5,ηλ,long
7,86,5,έδ,short
7,86,5,ατ’,short
7,86,6,ἔνθ,long
7,86,6,α,short
7,86,7,καὶ,short
7,86,8,ἔνθ,long
7,86,8,"α,",long
7,87,1,ἐς,long
7,87,2,μυχ,short
7,87,2,ὸν,short
7,87,3,ἐξ,long
7,87,4,οὐδ,long
7,87,4,"οῦ,",long
7,87,5,περ,short
7,87,5,ὶ,short
7,87,6,δὲ,long
7,87,7,θριγκ,long
7,87,7,ὸς,long
7,87,8,κυ,short
7,87,8,άν,short
7,87,8,οι,long
7,87,8,ο·,long
7,88,1,χρύσ,long
7,88,1,ει,long
7,88,1,αι,long
7,88,2,δὲ,short
7,88,3,θύρ,short
7,88,3,αι,long
7,88,4,πυκ,short
7,88,4,ιν,short
7,88,4,ὸν,long
7,88,5,δόμ,short
7,88,5,ον,short
7,88,6,ἐντ,long
7,88,6,ὸς,short
7,88,7,ἔ,short
7,88,7,εργ,long
7,88,7,ον·,long
7,89,1,ἀργ,long
7,89,1,ύρ,short
7,89,1,ε,short
7,89,1,οι,long
7,89,2,σταθμ,long
7,89,2,οὶ,long
7,89,3,ἐν,long
7,89,4,χαλκ,long
7,89,4,έῳ,long
7,89,5,ἕστ,long
7,89,5,ασ,short
7,89,5,αν,short
7,89,6,οὐδ,long
7,89,6,"ῷ,",long
7,90,1,ἀργ,long
7,90,1,ύρ,short
7,90,1,ε,short
7,90,1,ον,long
7,90,2,δ’ἐφ’,short
7,90,3,ὑπ,short
7,90,3,ερθ,long
7,90,3,ύρ,short
7,90,3,ι,short
7,90,3,"ον,",long
7,90,4,χρυσ,short
7,90,4,έ,short
7,90,4,η,long
7,90,5,δὲ,short
7,90,6,κορ,short
7,90,6,ών,long
7,90,6,η.,long
7,91,1,χρύσ,long
7,91,1,ει,long
7,91,1,οι,long
7,91,2,δ’ἑκ,short
7,91,2,άτ,short
7,91,2,ερθ,long
7,91,2,ε,short
7,91,3,καὶ,short
7,91,4,ἀργ,long
7,91,4,ύρ,short
7,91,4,ε,short
7,91,4,οι,long
7,91,5,κύν,short
7,91,5,ες,short
7,91,6,ἦσ,long
7,91,6,"αν,",long
7,92,1,οὓς,long
7,92,2,Ἥφ,long
7,92,2,αιστ,long
7,92,2,ος,short
7,92,3,ἔτ,short
7,92,3,ευξ,long
7,92,3,εν,short
7,92,4,ἰδ,short
7,92,4,υί,long
7,92,4,ῃσ,long
7,92,4,ι,long
7,92,5,πραπ,short
7,92,5,ίδ,short
7,92,5,εσσ,long
7,92,5,ι,long
7,93,1,δῶμ,long
7,93,1,α,short
7,93,2,φυλ,short
7,93,2,ασσ,long
7,93,2,έμ,short
7,93,2,εν,short
7,93,2,αι,long
7,93,3,μεγ,short
7,93,3,αλ,short
7,93,3,ήτ,long
7,93,3,ορ,short
7,93,3,ος,short
7,93,4,Ἀλκ,long
7,93,4,ιν,short
7,93,4,ό,short
7,93,4,οι,long
7,93,4,"ο,",long
7,94,1,ἀθ,long
7,94,1,αν,short
7,94,1,άτ,short
7,94,1,ους,long
7,94,2,ὄντ,long
7,94,2,ας,long
7,94,3,καὶ,short
7,94,4,ἀγ,short
7,94,4,ήρ,long
7,94,4,ως,long
7,94,5,ἤμ,long
7,94,5,ατ,short
7,94,5,α,short
7,94,6,πάντ,long
7,94,6,α.,long
7,95,1,ἐν,long
7,95,2,δὲ,short
7,95,3,θρόν,short
7,95,3,οι,long
7,95,4,περ,short
7,95,4,ὶ,short
7,95,5,τοῖχ,long
7,95,5,ον,short
7,95,6,ἐρ,short
7,95,6,ηρ,long
7,95,6,έδ,short
7,95,6,ατ’,short
7,95,7,ἔνθ,long
7,95,7,α,short
7,95,8,καὶ,short
7,95,9,ἔνθ,long
7,95,9,"α,",long
7,96,1,ἐς,long
7,96,2,μυχ,short
7,96,2,ὸν,short
7,96,3,ἐξ,long
7,96,4,οὐδ,long
7,96,4,οῖ,long
7,96,4,ο,short
7,96,5,δι,short
7,96,5,αμπ,long
7,96,5,ερ,short
7,96,5,"ές,",short
7,96,6,ἔνθ’,long
7,96,7,ἐν,short
7,96,7,ὶ,short
7,96,8,πέπλ,long
7,96,8,οι,long
7,97,1,λεπτ,long
7,97,1,οὶ,short
7,97,2,ἐ,short
7,97,2,ΰνν,long
7,97,2,ητ,long
7,97,2,οι,long
7,97,3,βεβλ,long
7,97,3,ή,long
7,97,3,ατ,short
7,97,3,"ο,",short
7,97,4,ἔργ,long
7,97,4,α,short
7,97,5,γυν,short
7,97,5,αικ,long
7,97,5,ῶν.,long
7,98,1,ἔνθ,long
7,98,1,α,short
7,98,2,δὲ,short
7,98,3,Φαι,long
7,98,3,ήκ,long
7,98,3,ων,long
7,98,4,ἡγ,long
7,98,4,ήτ,long
7,98,4,ορ,short
7,98,4,ες,short
7,98,5,ἑδρ,long
7,98,5,ι,short
7,98,5,ό,short
7,98,5,ωντ,long
7,98,5,ο,long
7,99,1,πίν,long
7,99,1,οντ,long
7,99,1,ες,long
7,99,2,καὶ,short
7,99,3,ἔδ,short
7,99,3,οντ,long
7,99,3,ες·,short
7,99,4,ἐπ,short
7,99,4,η,long
7,99,4,ετ,short
7,99,4,αν,short
7,99,4,ὸν,long
7,99,5,γὰρ,short
7,99,6,ἔχ,short
7,99,6,εσκ,long
7,99,6,ον.,long
7,100,1,χρύσ,long
7,100,1,ει,long
7,100,1,οι,long
7,100,2,δ’ἄρ,short
7,100,2,α,short
7,100,3,κοῦρ,long
7,100,3,οι,short
7,100,4,ἐ,short
7,100,4,ϋδμ,long
7,100,4,ήτ,long
7,100,4,ων,long
7,100,5,ἐπ,short
7,100,5,ὶ,short
7,100,6,βωμ,long
7,100,6,ῶν,long
7,101,1,ἕστ,long
7,101,1,ασ,short
7,101,1,αν,short
7,101,2,αἰθ,long
7,101,2,ομ,short
7,101,2,έν,short
7,101,2,ας,long
7,101,3,δα,short
7,101,3,ΐδ,short
7,101,3,ας,long
7,101,4,μετ,short
7,101,4,ὰ,short
7,101,5,χερσ,long
7,101,5,ὶν,short
7,101,6,ἔχ,short
7,101,6,οντ,long
7,101,6,"ες,",long
7,102,1,φαίν,long
7,102,1,οντ,long
7,102,1,ες,long
7,102,2,νύκτ,long
7,102,2,ας,long
7,102,3,κατ,short
7,102,3,ὰ,short
7,102,4,δώμ,long
7,102,4,ατ,short
7,102,4,α,short
7,102,5,δαιτ,long
7,102,5,υμ,short
7,102,5,όν,short
7,102,5,εσσ,long
7,102,5,ι.,long
7,103,1,πεντ,long
7,103,1,ήκ,long
7,103,1,οντ,long
7,103,1,α,short
7,103,2,δέ,short
7,103,3,οἱ,long
7,103,4,δμῳ,long
7,103,4,αὶ,long
7,103,5,κατ,short
7,103,5,ὰ,short
7,103,6,δῶμ,long
7,103,6,α,short
7,103,7,γυν,short
7,103,7,αῖκ,long
7,103,7,ες,long
7,104,1,αἱ,long
7,104,2,μὲν,short
7,104,3,ἀλ,short
7,104,3,ετρ,long
7,104,3,εύ,long
7,104,3,ουσ,long
7,104,3,ι,short
7,104,4,μύλ,short
7,104,4,ῃς,long
7,104,5,ἔπ,short
7,104,5,ι,short
7,104,6,μήλ,long
7,104,6,οπ,short
7,104,6,α,short
7,104,7,καρπ,long
7,104,7,"όν,",long
7,105,1,αἱ,long
7,105,2,δ’ἱστ,long
7,105,2,οὺς,long
7,105,3,ὑφ,short
7,105,3,ό,short
7,105,3,ωσ,long
7,105,3,ι,short
7,105,4,καὶ,short
7,105,5,ἠλ,long
7,105,5,άκ,short
7,105,5,ατ,short
7,105,5,α,long
7,105,6,στρωφ,long
7,105,6,ῶσ,long
7,105,6,ιν,long
7,106,1,ἥμ,long
7,106,1,εν,short
7,106,1,"αι,",short
7,106,2,οἷ,long
7,106,2,ά,short
7,106,3,τε,short
7,106,4,φύλλ,long
7,106,4,α,short
7,106,5,μακ,short
7,106,5,εδν,long
7,106,5,ῆς,long
7,106,6,αἰγ,long
7,106,6,είρ,long
7,106,6,οι,long
7,106,6,ο·,long
7,107,1,καιρ,long
7,107,1,οσ,short
7,107,1,έ,short
7,107,1,ων,long
7,107,2,δ’ὀθ,short
7,107,2,ον,short
7,107,2,έων,long
7,107,3,ἀπ,short
7,107,3,ολ,short
7,107,3,είβ,long
7,107,3,ετ,short
7,107,3,αι,short
7,107,4,ὑγρ,long
7,107,4,ὸν,short
7,107,5,ἔλ,short
7,107,5,αι,long
7,107,5,ον.,long
7,108,1,ὅσσ,long
7,108,1,ον,long
7,108,2,Φαί,long
7,108,2,ηκ,long
7,108,2,ες,long
7,108,3,περ,short
7,108,3,ὶ,short
7,108,4,πάντ,long
7,108,4,ων,long
7,108,5,ἴδρ,long
7,108,5,ι,short
7,108,5,ες,short
7,108,6,ἀνδρ,long
7,108,6,ῶν,long
7,109,1,νῆ,long
7,109,1,α,short
7,109,2,θο,short
7,109,2,ὴν,long
7,109,3,ἐν,short
7,109,3,ὶ,short
7,109,4,πόντ,long
7,109,4,ῳ,short
7,109,5,ἐλ,short
7,109,5,αυν,long
7,109,5,έμ,short
7,109,5,"εν,",short
7,109,6,ὣς,long
7,109,7,δὲ,short
7,109,8,γυν,short
7,109,8,αῖκ,long
7,109,8,ες,long
7,110,1,ἱστ,long
7,110,1,ὸν,long
7,110,2,τεχν,long
7,110,2,ῆσσ,long
7,110,2,αι·,long
7,110,3,πέρ,short
7,110,3,ι,short
7,110,4,γάρ,long
7,110,5,σφισ,short
7,110,5,ι,short
7,110,6,δῶκ,long
7,110,6,εν,short
7,110,7,Ἀθ,short
7,110,7,ήν,long
7,110,7,η,long
7,111,1,ἔργ,long
7,111,1,α,short
7,111,2,τ’ἐπ,short
7,111,2,ίστ,long
7,111,2,ασθ,long
7,111,2,αι,long
7,111,3,περ,short
7,111,3,ικ,short
7,111,3,αλλ,long
7,111,3,έ,short
7,111,3,α,short
7,111,4,καὶ,long
7,111,5,φρέν,short
7,111,5,ας,short
7,111,6,ἐσθλ,long
7,111,6,άς.,long
7,112,1,ἔκτ,long
7,112,1,οσθ,long
7,112,1,εν,long
7,112,2,δ’αὐλ,long
7,112,2,ῆς,long
7,112,3,μέγ,short
7,112,3,ας,short
7,112,4,ὄρχ,long
7,112,4,ατ,short
7,112,4,ος,short
7,112,5,ἄγχ,long
7,112,5,ι,short
7,112,6,θυρ,short
7,112,6,ά,long
7,112,6,ων,long
7,113,1,τετρ,long
7,113,1,άγ,short
7,113,1,υ,short
7,113,1,ος·,long
7,113,2,περ,short
7,113,2,ὶ,short
7,113,3,δ’ἕρκ,long
7,113,3,ος,short
7,113,4,ἐλ,short
7,113,4,ήλ,long
7,113,4,ατ,short
7,113,4,αι,short
7,113,5,ἀμφ,long
7,113,5,οτ,short
7,113,5,έρ,short
7,113,5,ωθ,long
7,113,5,εν.,long
7,114,1,ἔνθ,long
7,114,1,α,short
7,114,2,δὲ,short
7,114,3,δένδρ,long
7,114,3,ε,short
7,114,3,α,short
7,114,4,μακρ,long
7,114,4,ὰ,short
7,114,5,πεφ,short
7,114,5,ύκ,long
7,114,5,ει,long
7,114,6,τηλ,long
7,114,6,εθ,short
7,114,6,ά,short
7,114,6,οντ,long
7,114,6,"α,",long
7,115,1,ὄγχν,long
7,115,1,αι,long
7,115,2,καὶ,long
7,115,3,ῥοι,long
7,115,3,αὶ,long
7,115,4,καὶ,long
7,115,5,μηλ,long
7,115,5,έ,short
7,115,5,αι,short
7,115,6,ἀγλ,long
7,115,6,α,short
7,115,6,όκ,short
7,115,6,αρπ,long
7,115,6,οι,long
7,116,1,συκ,long
7,116,1,έαι,long
7,116,2,τε,long
7,116,3,γλυκ,short
7,116,3,ερ,short
7,116,3,αὶ,long
7,116,4,καὶ,short
7,116,5,ἐλ,short
7,116,5,αῖ,long
7,116,5,αι,long
7,116,6,τηλ,long
7,116,6,εθ,short
7,116,6,ό,short
7,116,6,ωσ,long
7,116,6,αι.,long
7,117,1,τά,long
7,117,1,ων,long
7,117,2,οὔ,long
7,117,3,ποτ,short
7,117,3,ε,short
7,117,4,καρπ,long
7,117,4,ὸς,short
7,117,5,ἀπ,short
7,117,5,όλλ,long
7,117,5,υτ,short
7,117,5,αι,short
7,117,6,οὐδ’,long
7,117,7,ἀπ,short
7,117,7,ολ,short
7,117,7,είπ,long
7,117,7,ει,long
7,118,1,χείμ,long
7,118,1,ατ,short
7,118,1,ος,short
7,118,2,οὐδ,long
7,118,2,ὲ,short
7,118,3,θέρ,short
7,118,3,"ευς,",long
7,118,4,ἐπ,short
7,118,4,ετ,short
7,118,4,ήσ,long
7,118,4,ι,short
7,118,4,ος·,short
7,118,5,ἀλλ,long
7,118,5,ὰ,short
7,118,6,μάλ’,short
7,118,7,αἰ,long
7,118,7,εὶ,long
7,119,1,Ζαφ,long
7,119,1,υρ,short
7,119,1,ί,short
7,119,1,η,long
7,119,2,πνεί,long
7,119,2,ουσ,long
7,119,2,α,short
7,119,3,τὰ,short
7,119,4,μὲν,long
7,119,5,φύ,short
7,119,5,"ει,",short
7,119,6,ἄλλ,long
7,119,6,α,short
7,119,7,δὲ,short
7,119,8,πέσσ,long
7,119,8,ει.,long
7,120,1,ὄγχν,long
7,120,1,η,short
7,120,2,ἐπ’,short
7,120,3,ὄγχν,long
7,120,3,ῃ,long
7,120,4,γηρ,long
7,120,4,άσκ,long
7,120,4,"ει,",long
7,120,5,μῆλ,long
7,120,5,ον,long
7,120,6,δ’ἐπ,short
7,120,6,ὶ,short
7,120,7,μήλ,long
7,120,7,"ῳ,",long
7,121,1,αὐτ,long
7,121,1,ὰρ,short
7,121,2,ἐπ,short
7,121,2,ὶ,long
7,121,3,σταφ,short
7,121,3,υλ,short
7,121,3,ῇ,long
7,121,4,σταφ,short
7,121,4,υλ,short
7,121,4,"ή,",long
7,121,5,σῦκ,long
7,121,5,ον,long
7,121,6,δ’ἐπ,short
7,121,6,ὶ,short
7,121,7,σύκ,long
7,121,7,ῳ.,long
7,122,1,ἔνθ,long
7,122,1,α,short
7,122,2,δέ,short
7,122,3,οἱ,long
7,122,4,πολ,short
7,122,4,ύκ,short
7,122,4,αρπ,long
7,122,4,ος,short
7,122,5,ἀλ,short
7,122,5,ω,long
7,122,5,ὴ,long
7,122,6,ἐρρ,long
7,122,6,ίζ,long
7,122,6,ωτ,long
7,122,6,"αι,",long
7,123,1,τῆς,long
7,123,2,ἕτ,short
7,123,2,ερ,short
7,123,2,ον,long
7,123,3,μέν,long
7,123,4,εἱλ,long
7,123,4,όπ,short
7,123,4,εδ,short
7,123,4,ον,long
7,123,5,λευρ,long
7,123,5,ῷ,long
7,123,6,ἐν,short
7,123,6,ὶ,short
7,123,7,χώρ,long
7,123,7,ῳ,long
7,124,1,τέρσ,long
7,124,1,ετ,short
7,124,1,αι,short
7,124,2,ἠ,long
7,124,2,ελ,short
7,124,2,ί,short
7,124,2,"ῳ,",long
7,124,3,ἑτ,short
7,124,3,έρ,short
7,124,3,ας,long
7,124,4,δ’ἄρ,short
7,124,4,α,short
7,124,5,τε,long
7,124,6,τρυγ,short
7,124,6,ό,short
7,124,6,ωσ,long
7,124,6,"ιν,",long
7,125,1,ἄλλ,long
7,125,1,ας,long
7,125,2,δὲ,long
7,125,3,τραπ,short
7,125,3,έ,short
7,125,3,ουσ,long
7,125,3,ι·,short
7,125,4,πάρ,short
7,125,4,οιθ,long
7,125,4,ε,short
7,125,5,δέ,short
7,125,6,τ’ὄμφ,long
7,125,6,ακ,short
7,125,6,ές,short
7,125,7,εἰσ,long
7,125,7,ιν,long
7,126,1,ἄνθ,long
7,126,1,ος,short
7,126,2,ἀφ,short
7,126,2,ι,long
7,126,2,εῖσ,long
7,126,2,"αι,",long
7,126,3,ἕτ,short
7,126,3,ερ,short
7,126,3,αι,long
7,126,4,δ’ὑπ,short
7,126,4,οπ,short
7,126,4,ερκ,long
7,126,4,άζ,long
7,126,4,ουσ,long
7,126,4,ιν.,long
7,127,1,ἔνθ,long
7,127,1,α,short
7,127,2,δὲ,short
7,127,3,κοσμ,long
7,127,3,ητ,long
7,127,3,αὶ,long
7,127,4,πρασ,short
7,127,4,ι,short
7,127,4,αὶ,long
7,127,5,παρ,short
7,127,5,ὰ,short
7,127,6,νεί,long
7,127,6,ατ,short
7,127,6,ον,short
7,127,7,ὄρχ,long
7,127,7,ον,long
7,128,1,παντ,long
7,128,1,οῖ,long
7,128,1,αι,long
7,128,2,πεφ,short
7,128,2,ύ,short
7,128,2,ασ,long
7,128,2,"ιν,",short
7,128,3,ἐπ,short
7,128,3,η,long
7,128,3,ετ,short
7,128,3,αν,short
7,128,3,ὸν,long
7,128,4,γαν,short
7,128,4,ό,short
7,128,4,ωσ,long
7,128,4,αι·,long
7,129,1,ἐν,long
7,129,2,δὲ,short
7,129,3,δύ,short
7,129,3,ω,long
7,129,4,κρῆν,long
7,129,4,αι,long
7,129,5,ἡ,long
7,129,6,μέν,long
7,129,7,τ’ἀν,short
7,129,7,ὰ,short
7,129,8,κῆπ,long
7,129,8,ον,short
7,129,9,ἅπ,short
7,129,9,αντ,long
7,129,9,α,long
7,130,1,σκίδν,long
7,130,1,ατ,short
7,130,1,"αι,",short
7,130,2,ἡ,long
7,130,3,δ’ἑτ,short
7,130,3,έρ,short
7,130,3,ωθ,long
7,130,3,εν,short
7,130,4,ὑπ’,short
7,130,5,αὐλ,long
7,130,5,ῆς,long
7,130,6,οὐδ,long
7,130,6,ὸν,short
7,130,7,ἵ,short
7,130,7,ησ,long
7,130,7,ι,long
7,131,1,πρὸς,long
7,131,2,δόμ,short
7,131,2,ον,short
7,131,3,ὑψ,long
7,131,3,ηλ,long
7,131,3,"όν,",long
7,131,4,ὅθ,short
7,131,4,εν,short
7,131,5,ὑδρ,long
7,131,5,εύ,long
7,131,5,οντ,long
7,131,5,ο,short
7,131,6,πολ,short
7,131,6,ῖτ,long
7,131,6,αι.,long
7,132,1,τοῖ’,long
7,132,2,ἄρ’,short
7,132,3,ἐν,short
7,132,4,Ἀλκ,long
7,132,4,ιν,short
7,132,4,ό,short
7,132,4,οι,long
7,132,4,ο,short
7,132,5,θε,short
7,132,5,ῶν,long
7,132,6,ἔσ,short
7,132,6,αν,short
7,132,7,ἀγλ,long
7,132,7,α,short
7,132,7,ὰ,short
7,132,8,δῶρ,long
7,132,8,α.,long
7,133,1,ἔνθ,long
7,133,1,α,long
7,133,2,στὰς,long
7,133,3,θη,long
7,133,3,εῖτ,long
7,133,3,ο,short
7,133,4,πολ,short
7,133,4,ύτλ,long
7,133,4,ας,long
7,133,5,δῖ,long
7,133,5,ος,short
7,133,6,Ὀδ,short
7,133,6,υσσ,long
7,133,6,εύς.,long
7,134,1,αὐτ,long
7,134,1,ὰρ,short
7,134,2,ἐπ,short
7,134,2,εὶ,long
7,134,3,δὴ,long
7,134,4,πάντ,long
7,134,4,α,long
7,134,5,ἑῷ,long
7,134,6,θη,long
7,134,6,ήσ,long
7,134,6,ατ,short
7,134,6,ο,short
7,134,7,θυμ,long
7,134,7,"ῷ,",long
7,135,1,καρπ,long
7,135,1,αλ,short
7,135,1,ίμ,short
7,135,1,ως,long
7,135,2,ὑπ,short
7,135,2,ὲρ,short
7,135,3,οὐδ,long
7,135,3,ὸν,short
7,135,4,ἐβ,short
7,135,4,ήσ,long
7,135,4,ετ,short
7,135,4,ο,short
7,135,5,δώμ,long
7,135,5,ατ,short
7,135,5,ος,short
7,135,6,εἴσ,long
7,135,6,ω.,long
7,136,1,εὗρ,long
7,136,1,ε,short
7,136,2,δὲ,short
7,136,3,Φαι,long
7,136,3,ήκ,long
7,136,3,ων,long
7,136,4,ἡγ,long
7,136,4,ήτ,long
7,136,4,ορ,short
7,136,4,ας,short
7,136,5,ἠδ,long
7,136,5,ὲ,short
7,136,6,μέδ,short
7,136,6,οντ,long
7,136,6,ας,long
7,137,1,σπένδ,long
7,137,1,οντ,long
7,137,1,ας,long
7,137,2,δεπ,short
7,137,2,ά,short
7,137,2,εσσ,long
7,137,2,ιν,short
7,137,3,ἐ,short
7,137,3,ϋσκ,long
7,137,3,όπ,short
7,137,3,ῳ,short
7,137,4,ἀργ,long
7,137,4,ε,short
7,137,4,ϊφ,short
7,137,4,όντ,long
7,137,4,"ῃ,",long
7,138,1,ᾧ,long
7,138,2,πυμ,short
7,138,2,άτ,short
7,138,2,ῳ,long
7,138,3,σπένδ,long
7,138,3,εσκ,long
7,138,3,"ον,",short
7,138,4,ὅτ,short
7,138,4,ε,long
7,138,5,μνησ,long
7,138,5,αί,long
7,138,5,ατ,short
7,138,5,ο,short
7,138,6,κοίτ,long
7,138,6,ου.,long
7,139,1,αὐτ,long
7,139,1,ὰρ,short
7,139,2,ὁ,short
7,139,3,βῆ,long
7,139,4,δι,short
7,139,4,ὰ,short
7,139,5,δῶμ,long
7,139,5,α,short
7,139,6,πολ,short
7,139,6,ύτλ,long
7,139,6,ας,long
7,139,7,δῖ,long
7,139,7,ος,short
7,139,8,Ὀδ,short
7,139,8,υσσ,long
7,139,8,εὺς,long
7,140,1,πολλ,long
7,140,1,ὴν,long
7,140,2,ἠ,long
7,140,2,έρ’,short
7,140,3,ἔχ,short
7,140,3,"ων,",long
7,140,4,ἥν,long
7,140,5,οἱ,long
7,140,6,περ,short
7,140,6,ίχ,short
7,140,6,ευ,long
7,140,6,εν,short
7,140,7,Ἀθ,short
7,140,7,ήν,long
7,140,7,"η,",long
7,141,1,ὄφρ’,long
7,141,2,ἵκ,short
7,141,2,ετ’,short
7,141,3,Ἀρ,long
7,141,3,ήτ,long
7,141,3,ην,long
7,141,4,τε,short
7,141,5,καὶ,short
7,141,6,Ἀλκ,long
7,141,6,ίν,short
7,141,6,ο,short
7,141,6,ον,long
7,141,7,βασ,short
7,141,7,ιλ,short
7,141,7,ῆ,long
7,141,7,α.,long
7,142,1,ἀμφ,long
7,142,1,ὶ,short
7,142,2,δ’ἄρ’,short
7,142,3,Ἀρ,long
7,142,3,ήτ,long
7,142,3,ης,long
7,142,4,βάλ,short
7,142,4,ε,short
7,142,5,γούν,long
7,142,5,ασ,short
7,142,5,ι,short
7,142,6,χεῖρ,long
7,142,6,ας,short
7,142,7,Ὀδ,short
7,142,7,υσσ,long
7,142,7,"εύς,",long
7,143,1,καὶ,long
7,143,2,τότ,short
7,143,2,ε,short
7,143,3,δή,long
7,143,4,ῥ’αὐτ,long
7,143,4,οῖ,long
7,143,4,ο,short
7,143,5,πάλ,short
7,143,5,ιν,long
7,143,6,χύτ,short
7,143,6,ο,short
7,143,7,θέσφ,long
7,143,7,ατ,short
7,143,7,ος,short
7,143,8,ἀ,long
7,143,8,ήρ.,long
7,144,1,οἱ,long
7,144,2,δ’ἄν,short
7,144,2,ε,short
7,144,2,ω,long
7,144,3,ἐγ,short
7,144,3,έν,short
7,144,3,οντ,long
7,144,3,"ο,",short
7,144,4,δόμ,short
7,144,4,ον,long
7,144,5,κάτ,short
7,144,5,α,short
7,144,6,φῶτ,long
7,144,6,α,short
7,144,7,ἰδ,short
7,144,7,όντ,long
7,144,7,ες·,long
7,145,1,θαύμ,long
7,145,1,αζ,long
7,145,1,ον,long
7,145,2,δ’ὁρ,short
7,145,2,ό,short
7,145,2,ωντ,long
7,145,2,ες.,short
7,145,3,ὁ,short
7,145,4,δ’ἐλλ,long
7,145,4,ιτ,short
7,145,4,άν,short
7,145,4,ευ,long
7,145,4,εν,short
7,145,5,Ὀδ,short
7,145,5,υσσ,long
7,145,5,εύς·,long
7,146,1,Ἀρ,long
7,146,1,ήτ,long
7,146,1,"η,",long
7,146,2,θύγ,short
7,146,2,ατ,short
7,146,2,ερ,long
7,146,3,Ῥηξ,long
7,146,3,ήν,long
7,146,3,ορ,short
7,146,3,ος,short
7,146,4,ἀντ,long
7,146,4,ιθ,short
7,146,4,έ,short
7,146,4,οι,long
7,146,4,"ο,",long
7,147,1,σόν,long
7,147,2,τε,short
7,147,3,πόσ,short
7,147,3,ιν,long
7,147,4,σά,short
7,147,5,τε,short
7,147,6,γούν,long
7,147,6,αθ’,short
7,147,7,ἱκ,short
7,147,7,άν,long
7,147,7,ω,long
7,147,8,πολλ,long
7,147,8,ὰ,short
7,147,9,μογ,short
7,147,9,ήσ,long
7,147,9,ας,long
7,148,1,τούσδ,long
7,148,1,ε,short
7,148,2,τε,short
7,148,3,δαιτ,long
7,148,3,υμ,short
7,148,3,όν,short
7,148,3,ας·,long
7,148,4,τοῖσ,long
7,148,4,ιν,long
7,148,5,θε,short
7,148,5,οὶ,short
7,148,6,ὄλβ,long
7,148,6,ι,short
7,148,6,α,short
7,148,7,δοῖ,long
7,148,7,εν,long
7,149,1,ζω,long
7,149,1,έμ,short
7,149,1,εν,short
7,149,1,"αι,",long
7,149,2,καὶ,long
7,149,3,παισ,long
7,149,3,ὶν,short
7,149,4,ἐπ,short
7,149,4,ιτρ,long
7,149,4,έψ,long
7,149,4,ει,long
7,149,4,εν,short
7,149,5,ἕκ,short
7,149,5,αστ,long
7,149,5,ος,long
7,150,1,κτήμ,long
7,150,1,ατ’,short
7,150,2,ἐν,short
7,150,2,ὶ,long
7,150,3,μεγ,short
7,150,3,άρ,short
7,150,3,οισ,long
7,150,3,ι,short
7,150,4,γέρ,short
7,150,4,ας,long
7,150,5,θ’ὅ,short
7,150,6,τι,short
7,150,7,δῆμ,long
7,150,7,ος,short
7,150,8,ἔδ,short
7,150,8,ωκ,long
7,150,8,εν·,long
7,151,1,αὐτ,long
7,151,1,ὰρ,short
7,151,2,ἐμ,short
7,151,2,οὶ,long
7,151,3,πομπ,long
7,151,3,ὴν,long
7,151,4,ὀτρ,long
7,151,4,ύν,long
7,151,4,ετ,short
7,151,4,ε,short
7,151,5,πατρ,long
7,151,5,ίδ’,short
7,151,6,ἱκ,short
7,151,6,έσθ,long
7,151,6,αι,long
7,152,1,θᾶσσ,long
7,152,1,"ον,",short
7,152,2,ἐπ,short
7,152,2,εὶ,long
7,152,3,δὴ,long
7,152,4,δηθ,long
7,152,4,ὰ,short
7,152,5,φίλ,short
7,152,5,ων,long
7,152,6,ἄπ,short
7,152,6,ο,short
7,152,7,πήμ,long
7,152,7,ατ,short
7,152,7,α,short
7,152,8,πάσχ,long
7,152,8,ω.,long
7,153,1,ὣς,long
7,153,2,εἰπ,long
7,153,2,ὼν,long
7,153,3,κατ’,short
7,153,4,ἄρ’,short
7,153,5,ἕζ,long
7,153,5,ετ’,short
7,153,6,ἐπ’,short
7,153,7,ἐσχ,long
7,153,7,άρ,short
7,153,7,ῃ,short
7,153,8,ἐν,long
7,153,9,κον,short
7,153,9,ί,short
7,153,9,ῃσ,long
7,153,9,ι,long
7,154,1,πὰρ,long
7,154,2,πυρ,short
7,154,2,ί·,short
7,154,3,οἱ,long
7,154,4,δ’ἄρ,short
7,154,4,α,short
7,154,5,πάντ,long
7,154,5,ες,short
7,154,6,ἀκ,short
7,154,6,ὴν,long
7,154,7,ἐγ,short
7,154,7,έν,short
7,154,7,οντ,long
7,154,7,ο,short
7,154,8,σι,short
7,154,8,ωπ,long
7,154,8,ῇ.,long
7,155,1,ὀψ,long
7,155,1,ὲ,short
7,155,2,δὲ,short
7,155,3,δὴ,long
7,155,4,μετ,short
7,155,4,έ,short
7,155,4,ειπ,long
7,155,4,ε,short
7,155,5,γέρ,short
7,155,5,ων,long
7,155,6,ἥρ,long
7,155,6,ως,long
7,155,7,Ἐχ,short
7,155,7,έν,short
7,155,7,η,long
7,155,7,"ος,",long
7,156,1,ὃς,long
7,156,2,δὴ,long
7,156,3,Φαι,long
7,156,3,ήκ,long
7,156,3,ων,long
7,156,4,ἀνδρ,long
7,156,4,ῶν,long
7,156,5,προγ,short
7,156,5,εν,short
7,156,5,έστ,long
7,156,5,ερ,short
7,156,5,ος,short
7,156,6,ἦ,long
7,156,6,εν,long
7,157,1,καὶ,long
7,157,2,μύθ,long
7,157,2,οισ,long
7,157,2,ι,short
7,157,3,κέκ,short
7,157,3,αστ,long
7,157,3,"ο,",short
7,157,4,παλ,short
7,157,4,αι,long
7,157,4,ά,short
7,157,5,τε,short
7,157,6,πολλ,long
7,157,6,ά,short
7,157,7,τε,short
7,157,8,εἰδ,long
7,157,8,ώς·,long
7,158,1,ὅ,long
7,158,2,σφιν,short
7,158,3,ἐ,short
7,158,3,ῢ,long
7,158,4,φρον,short
7,158,4,έ,short
7,158,4,ων,long
7,158,5,ἀγ,short
7,158,5,ορ,short
7,158,5,ήσ,long
7,158,5,ατ,short
7,158,5,ο,short
7,158,6,καὶ,long
7,158,7,μετ,short
7,158,7,έ,short
7,158,7,ειπ,long
7,158,7,εν·,long
7,159,1,Ἀλκ,long
7,159,1,ίν,short
7,159,1,"ο’,",short
7,159,2,οὐ,long
7,159,3,μέν,long
7,159,4,τοι,long
7,159,5,τόδ,short
7,159,5,ε,short
7,159,6,κάλλ,long
7,159,6,ι,short
7,159,6,"ον,",short
7,159,7,οὐδ,long
7,159,7,ὲ,short
7,159,8,ἔ,short
7,159,8,οικ,long
7,159,8,"ε,",long
7,160,1,ξεῖν,long
7,160,1,ον,long
7,160,2,μὲν,long
7,160,3,χαμ,short
7,160,3,αὶ,short
7,160,4,ἧσθ,long
7,160,4,αι,short
7,160,5,ἐπ’,short
7,160,6,ἐσχ,long
7,160,6,άρ,short
7,160,6,ῃ,short
7,160,7,ἐν,long
7,160,8,κον,short
7,160,8,ί,short
7,160,8,ῃσ,long
7,160,8,"ιν,",long
7,161,1,οἵδ,long
7,161,1,ε,short
7,161,2,δὲ,short
7,161,3,σὸν,long
7,161,4,μῦθ,long
7,161,4,ον,long
7,161,5,ποτ,short
7,161,5,ιδ,short
7,161,5,έγμ,long
7,161,5,εν,short
7,161,5,οι,short
7,161,6,ἰσχ,long
7,161,6,αν,short
7,161,6,ό,short
7,161,6,ωντ,long
7,161,6,αι.,long
7,162,1,ἄλλ’,long
7,162,2,ἄγ,short
7,162,2,ε,short
7,162,3,δὴ,long
7,162,4,ξεῖν,long
7,162,4,ον,long
7,162,5,μὲν,short
7,162,6,ἐπ,short
7,162,6,ὶ,long
7,162,7,θρόν,short
7,162,7,ου,short
7,162,8,ἀργ,long
7,162,8,υρ,short
7,162,8,ο,short
7,162,8,ήλ,long
7,162,8,ου,long
7,163,1,εἷσ,long
7,163,1,ον,short
7,163,2,ἀν,short
7,163,2,αστ,long
7,163,2,ήσ,long
7,163,2,"ας,",long
7,163,3,σὺ,short
7,163,4,δὲ,short
7,163,5,κηρ,long
7,163,5,ύκ,long
7,163,5,εσσ,long
7,163,5,ι,short
7,163,6,κέλ,short
7,163,6,ευσ,long
7,163,6,ον,long
7,164,1,οἶν,long
7,164,1,ον,short
7,164,2,ἐπ,short
7,164,2,ικρ,long
7,164,2,ῆσ,long
7,164,2,"αι,",long
7,164,3,ἵν,short
7,164,3,α,short
7,164,4,καὶ,long
7,164,5,Δι,short
7,164,5,ῒ,short
7,164,6,τερπ,long
7,164,6,ικ,short
7,164,6,ερ,short
7,164,6,αύν,long
7,164,6,ῳ,long
7,165,1,σπείσ,long
7,165,1,ομ,short
7,165,1,"εν,",short
7,165,2,ὅς,long
7,165,3,θ’ἱκ,short
7,165,3,έτ,short
7,165,3,ῃσ,long
7,165,3,ιν,short
7,165,4,ἅμ’,short
7,165,5,αἰδ,long
7,165,5,οί,long
7,165,5,οισ,long
7,165,5,ιν,short
7,165,6,ὀπ,short
7,165,6,ηδ,long
7,165,6,εῖ·,long
7,166,1,δόρπ,long
7,166,1,ον,long
7,166,2,δὲ,long
7,166,3,ξείν,long
7,166,3,ῳ,long
7,166,4,ταμ,short
7,166,4,ί,short
7,166,4,η,long
7,166,5,δότ,short
7,166,5,ω,short
7,166,6,ἔνδ,long
7,166,6,ον,short
7,166,7,ἐ,short
7,166,7,όντ,long
7,166,7,ων.,long
7,167,1,αὐτ,long
7,167,1,ὰρ,short
7,167,2,ἐπ,short
7,167,2,εὶ,long
7,167,3,τό,short
7,167,4,γ’ἄκ,short
7,167,4,ουσ’,long
7,167,5,ἱ,short
7,167,5,ερ,short
7,167,5,ὸν,long
7,167,6,μέν,short
7,167,6,ος,short
7,167,7,Ἀλκ,long
7,167,7,ιν,short
7,167,7,ό,short
7,167,7,οι,long
7,167,7,"ο,",long
7,168,1,χειρ,long
7,168,1,ὸς,short
7,168,2,ἑλ,short
7,168,2,ὼν,long
7,168,3,Ὀδ,short
7,168,3,υσ,short
7,168,3,ῆ,long
7,168,3,α,short
7,168,4,δα,short
7,168,4,ΐφρ,long
7,168,4,ον,short
7,168,4,α,short
7,168,5,ποικ,long
7,168,5,ιλ,short
7,168,5,ομ,short
7,168,5,ήτ,long
7,168,5,ην,long
7,169,1,ὦρσ,long
7,169,1,εν,short
7,169,2,ἀπ’,short
7,169,3,ἐσχ,long
7,169,3,αρ,short
7,169,3,όφ,short
7,169,3,ιν,long
7,169,4,καὶ,short
7,169,5,ἐπ,short
7,169,5,ὶ,long
7,169,6,θρόν,short
7,169,6,ου,short
7,169,7,εἷσ,long
7,169,7,ε,short
7,169,8,φα,short
7,169,8,ειν,long
7,169,8,"οῦ,",long
7,170,1,υἱ,long
7,170,1,ὸν,short
7,170,2,ἀν,short
7,170,2,αστ,long
7,170,2,ήσ,long
7,170,2,ας,long
7,170,3,ἀγ,short
7,170,3,απ,short
7,170,3,ήν,long
7,170,3,ορ,short
7,170,3,α,short
7,170,4,Λα,long
7,170,4,οδ,short
7,170,4,άμ,short
7,170,4,αντ,long
7,170,4,"α,",long
7,171,1,ὅς,long
7,171,2,οἱ,long
7,171,3,πλησ,long
7,171,3,ί,short
7,171,3,ον,short
7,171,4,ἷζ,long
7,171,4,"ε,",short
7,171,5,μάλ,short
7,171,5,ιστ,long
7,171,5,α,short
7,171,6,δέ,short
7,171,7,μιν,long
7,171,8,φιλ,short
7,171,8,έ,short
7,171,8,εσκ,long
7,171,8,ε.,long
7,172,1,χέρν,long
7,172,1,ιβ,short
7,172,1,α,short
7,172,2,δ’ἀμφ,long
7,172,2,ίπ,short
7,172,2,ολ,short
7,172,2,ος,long
7,172,3,προχ,short
7,172,3,ό,short
7,172,3,ῳ,long
7,172,4,ἐπ,short
7,172,4,έχ,short
7,172,4,ευ,long
7,172,4,ε,short
7,172,5,φέρ,short
7,172,5,ουσ,long
7,172,5,α,long
7,173,1,καλ,long
7,173,1,ῇ,long
7,173,2,χρυσ,long
7,173,2,εί,long
7,173,2,ῃ,long
7,173,3,ὑπ,short
7,173,3,ὲρ,short
7,173,4,ἀργ,long
7,173,4,υρ,short
7,173,4,έ,short
7,173,4,οι,long
7,173,4,ο,short
7,173,5,λέβ,short
7,173,5,ητ,long
7,173,5,"ος,",long
7,174,1,νίψ,long
7,174,1,ασθ,long
7,174,1,αι·,long
7,174,2,παρ,short
7,174,2,ὰ,short
7,174,3,δὲ,long
7,174,4,ξεστ,long
7,174,4,ὴν,long
7,174,5,ἐτ,short
7,174,5,άν,short
7,174,5,υσσ,long
7,174,5,ε,short
7,174,6,τράπ,short
7,174,6,εζ,long
7,174,6,αν.,long
7,175,1,σῖτ,long
7,175,1,ον,long
7,175,2,δ’αἰδ,long
7,175,2,οί,long
7,175,2,η,long
7,175,3,ταμ,short
7,175,3,ί,short
7,175,3,η,long
7,175,4,παρ,short
7,175,4,έθ,short
7,175,4,ηκ,long
7,175,4,ε,short
7,175,5,φέρ,short
7,175,5,ουσ,long
7,175,5,"α,",long
7,176,1,εἴδ,long
7,176,1,ατ,short
7,176,1,α,short
7,176,2,πόλλ’,long
7,176,3,ἐπ,short
7,176,3,ιθ,short
7,176,3,εῖσ,long
7,176,3,"α,",short
7,176,4,χαρ,short
7,176,4,ιζ,long
7,176,4,ομ,short
7,176,4,έν,short
7,176,4,η,long
7,176,5,παρ,short
7,176,5,ε,short
7,176,5,όντ,long
7,176,5,ων.,long
7,177,1,αὐτ,long
7,177,1,ὰρ,short
7,177,2,ὁ,short
7,177,3,πῖν,long
7,177,3,ε,short
7,177,4,καὶ,short
7,177,5,ἦσθ,long
7,177,5,ε,short
7,177,6,πολ,short
7,177,6,ύτλ,long
7,177,6,ας,long
7,177,7,δῖ,long
7,177,7,ος,short
7,177,8,Ὀδ,short
7,177,8,υσσ,long
7,177,8,εύς.,long
7,178,1,καὶ,long
7,178,2,τότ,short
7,178,2,ε,short
7,178,3,κήρ,long
7,178,3,υκ,long
7,178,3,α,long
7,178,4,προσ,short
7,178,4,έφ,short
7,178,4,η,long
7,178,5,μέν,short
7,178,5,ος,short
7,178,6,Ἀλκ,long
7,178,6,ιν,short
7,178,6,ό,short
7,178,6,οι,long
7,178,6,ο·,long
7,179,1,Ποντ,long
7,179,1,όν,short
7,179,1,ο,short
7,179,1,"ε,",long
7,179,2,κρητ,long
7,179,2,ῆρ,long
7,179,2,α,short
7,179,3,κερ,short
7,179,3,ασσ,long
7,179,3,άμ,short
7,179,3,εν,short
7,179,3,ος,long
7,179,4,μέθ,short
7,179,4,υ,short
7,179,5,νεῖμ,long
7,179,5,ον,long
7,180,1,πᾶσ,long
7,180,1,ιν,short
7,180,2,ἀν,short
7,180,2,ὰ,long
7,180,3,μέγ,short
7,180,3,αρ,short
7,180,3,"ον,",long
7,180,4,ἵν,short
7,180,4,α,short
7,180,5,καὶ,long
7,180,6,Δι,short
7,180,6,ῒ,short
7,180,7,τερπ,long
7,180,7,ικ,short
7,180,7,ερ,short
7,180,7,αύν,long
7,180,7,ῳ,long
7,181,1,σπείσ,long
7,181,1,ομ,short
7,181,1,"εν,",short
7,181,2,ὅς,long
7,181,3,θ’ἱκ,short
7,181,3,έτ,short
7,181,3,ῃσ,long
7,181,3,ιν,short
7,181,4,ἅμ’,short
7,181,5,αἰδ,long
7,181,5,οί,long
7,181,5,οισ,long
7,181,5,ιν,short
7,181,6,ὀπ,short
7,181,6,ηδ,long
7,181,6,εῖ.,long
7,182,1,ὣς,long
7,182,2,φάτ,short
7,182,2,"ο,",short
7,182,3,Ποντ,long
7,182,3,όν,short
7,182,3,ο,short
7,182,3,ος,long
7,182,4,δὲ,short
7,182,5,μελ,short
7,182,5,ίφρ,long
7,182,5,ον,short
7,182,5,α,short
7,182,6,οἶν,long
7,182,6,ον,short
7,182,7,ἐκ,short
7,182,7,ίρν,long
7,182,7,"α,",long
7,183,1,νώμ,long
7,183,1,ησ,long
7,183,1,εν,long
7,183,2,δ’ἄρ,short
7,183,2,α,short
7,183,3,πᾶσ,long
7,183,3,ιν,short
7,183,4,ἐπ,short
7,183,4,αρξ,long
7,183,4,άμ,short
7,183,4,εν,short
7,183,4,ος,long
7,183,5,δεπ,short
7,183,5,ά,short
7,183,5,εσσ,long
7,183,5,ιν.,long
7,184,1,αὐτ,long
7,184,1,ὰρ,short
7,184,2,ἐπ,short
7,184,2,εὶ,long
7,184,3,σπεῖσ,long
7,184,3,άν,long
7,184,4,τ’ἔπ,short
7,184,4,ι,short
7,184,4,όν,long
7,184,5,"θ’,ὅσ",short
7,184,5,ον,short
7,184,6,ἤθ,long
7,184,6,ελ,short
7,184,6,ε,short
7,184,7,θυμ,long
7,184,7,"ός,",long
7,185,1,τοῖσ,long
7,185,1,ιν,long
7,185,2,δ’Ἀλκ,long
7,185,2,ίν,short
7,185,2,ο,short
7,185,2,ος,long
7,185,3,ἀγ,short
7,185,3,ορ,short
7,185,3,ήσ,long
7,185,3,ατ,short
7,185,3,ο,short
7,185,4,καὶ,long
7,185,5,μετ,short
7,185,5,έ,short
7,185,5,ειπ,long
7,185,5,ε·,long
7,186,1,κέκλ,long
7,186,1,υτ,short
7,186,1,"ε,",short
7,186,2,Φαι,long
7,186,2,ήκ,long
7,186,2,ων,long
7,186,3,ἡγ,long
7,186,3,ήτ,long
7,186,3,ορ,short
7,186,3,ες,short
7,186,4,ἠδ,long
7,186,4,ὲ,short
7,186,5,μέδ,short
7,186,5,οντ,long
7,186,5,ες,long
7,187,1,ὄφρ’,long
7,187,2,εἴπ,long
7,187,2,ω,long
7,187,3,τά,short
7,187,4,με,short
7,187,5,θυμ,long
7,187,5,ὸς,short
7,187,6,ἐν,short
7,187,6,ὶ,long
7,187,7,στήθ,long
7,187,7,εσσ,long
7,187,7,ι,short
7,187,8,κελ,short
7,187,8,εύ,long
7,187,8,ει.,long
7,188,1,νῦν,long
7,188,2,μὲν,long
7,188,3,δαισ,long
7,188,3,άμ,short
7,188,3,εν,short
7,188,3,οι,long
7,188,4,κατ,short
7,188,4,ακ,short
7,188,4,εί,long
7,188,4,ετ,short
7,188,4,ε,short
7,188,5,οἴκ,long
7,188,5,αδ’,short
7,188,6,ἰ,short
7,188,6,όντ,long
7,188,6,ες·,long
7,189,1,ἠ,long
7,189,1,ῶθ,long
7,189,1,εν,long
7,189,2,δὲ,short
7,189,3,γέρ,short
7,189,3,οντ,long
7,189,3,ας,short
7,189,4,ἐπ,short
7,189,4,ὶ,long
7,189,5,πλέ,short
7,189,5,ον,short
7,189,5,ας,long
7,189,6,καλ,short
7,189,6,έσ,short
7,189,6,αντ,long
7,189,6,ες,long
7,190,1,ξεῖν,long
7,190,1,ον,short
7,190,2,ἐν,short
7,190,2,ὶ,long
7,190,3,μεγ,short
7,190,3,άρ,short
7,190,3,οις,long
7,190,4,ξειν,long
7,190,4,ίσσ,long
7,190,4,ομ,short
7,190,4,εν,short
7,190,5,ἠδ,long
7,190,5,ὲ,short
7,190,6,θε,short
7,190,6,οῖσ,long
7,190,6,ι,long
7,191,1,ῥέξ,long
7,191,1,ομ,short
7,191,1,εν,short
7,191,2,ἱ,long
7,191,2,ερ,short
7,191,2,ὰ,short
7,191,3,καλ,long
7,191,3,"ά,",short
7,191,4,ἔπ,short
7,191,4,ειτ,long
7,191,4,α,short
7,191,5,δὲ,short
7,191,6,καὶ,long
7,191,7,περ,short
7,191,7,ὶ,short
7,191,8,πομπ,long
7,191,8,ῆς,long
7,192,1,μνησ,long
7,192,1,όμ,short
7,192,1,"εθ’,",short
7,192,2,ὥς,long
7,192,3,χ’ὁ,long
7,192,4,ξεῖν,long
7,192,4,ος,short
7,192,5,ἄν,short
7,192,5,ευθ,long
7,192,5,ε,short
7,192,6,πόν,short
7,192,6,ου,long
7,192,7,καὶ,short
7,192,8,ἀν,short
7,192,8,ί,long
7,192,8,ης,long
7,193,1,πομπ,long
7,193,1,ῇ,short
7,193,2,ὑφ’,short
7,193,3,ἡμ,long
7,193,3,ετ,short
7,193,3,έρ,short
7,193,3,ῃ,long
7,193,4,ἣν,long
7,193,5,πατρ,long
7,193,5,ίδ,short
7,193,5,α,short
7,193,6,γαῖ,long
7,193,6,αν,short
7,193,7,ἵκ,short
7,193,7,ητ,long
7,193,7,αι,long
7,194,1,χαίρ,long
7,194,1,ων,long
7,194,2,καρπ,long
7,194,2,αλ,short
7,194,2,ίμ,short
7,194,2,"ως,",long
7,194,3,εἰ,long
7,194,4,καὶ,long
7,194,5,μάλ,short
7,194,5,α,short
7,194,6,τηλ,long
7,194,6,όθ,short
7,194,6,εν,short
7,194,7,ἐστ,long
7,194,7,"ί,",long
7,195,1,μηδ,long
7,195,1,έ,short
7,195,2,τι,short
7,195,3,μεσσ,long
7,195,3,ηγ,long
7,195,3,ύς,long
7,195,4,γε,short
7,195,5,κακ,short
7,195,5,ὸν,long
7,195,6,καὶ,long
7,195,7,πῆμ,long
7,195,7,α,short
7,195,8,πάθ,short
7,195,8,ῃσ,long
7,195,8,"ι,",long
7,196,1,πρίν,long
7,196,2,γε,short
7,196,3,τὸν,short
7,196,4,ἧς,long
7,196,5,γαί,long
7,196,5,ης,long
7,196,6,ἐπ,short
7,196,6,ιβ,short
7,196,6,ήμ,long
7,196,6,εν,short
7,196,6,αι·,short
7,196,7,ἔνθ,long
7,196,7,α,short
7,196,8,δ’ἔπ,short
7,196,8,ειτ,long
7,196,8,α,long
7,197,1,πείσ,long
7,197,1,ετ,short
7,197,1,"αι,",short
7,197,2,ἅσσ,long
7,197,2,α,short
7,197,3,οἱ,short
7,197,4,αἶσ,long
7,197,4,α,short
7,197,5,κατ,short
7,197,5,ὰ,long
7,197,6,κλῶθ,long
7,197,6,ές,long
7,197,7,τε,short
7,197,8,βαρ,short
7,197,8,εῖ,long
7,197,8,αι,long
7,198,1,γειν,long
7,198,1,ομ,short
7,198,1,έν,short
7,198,1,ῳ,long
7,198,2,νήσ,long
7,198,2,αντ,long
7,198,2,ο,short
7,198,3,λίν,short
7,198,3,"ῳ,",long
7,198,4,ὅτ,short
7,198,4,ε,short
7,198,5,μιν,long
7,198,6,τέκ,short
7,198,6,ε,short
7,198,7,μήτ,long
7,198,7,ηρ.,long
7,199,1,εἰ,long
7,199,2,δέ,short
7,199,3,τις,short
7,199,4,ἀθ,long
7,199,4,αν,short
7,199,4,άτ,short
7,199,4,ων,long
7,199,5,γε,short
7,199,6,κατ’,short
7,199,7,οὐρ,long
7,199,7,αν,short
7,199,7,οῦ,short
7,199,8,εἰλ,long
7,199,8,ήλ,long
7,199,8,ουθ,long
7,199,8,"εν,",long
7,200,1,ἄλλ,long
7,200,1,ο,short
7,200,2,τι,short
7,200,3,δὴ,long
7,200,4,τόδ’,short
7,200,5,ἔπ,short
7,200,5,ειτ,long
7,200,5,α,short
7,200,6,θε,short
7,200,6,οὶ,long
7,200,7,περ,short
7,200,7,ιμ,short
7,200,7,ηχ,long
7,200,7,αν,short
7,200,7,ό,short
7,200,7,ωντ,long
7,200,7,αι.,long
7,201,1,αἰ,long
7,201,1,εὶ,long
7,201,2,γὰρ,long
7,201,3,τὸ,short
7,201,4,πάρ,short
7,201,4,ος,long
7,201,5,γε,short
7,201,6,θε,short
7,201,6,οὶ,long
7,201,7,φαίν,long
7,201,7,οντ,long
7,201,7,αι,short
7,201,8,ἐν,short
7,201,8,αργ,long
7,201,8,εῖς,long
7,202,1,ἡμ,long
7,202,1,"ῖν,",long
7,202,2,εὖθ’,long
7,202,3,ἕρδ,long
7,202,3,ωμ,long
7,202,3,εν,short
7,202,4,ἀγ,short
7,202,4,ακλ,long
7,202,4,ειτ,long
7,202,4,ὰς,long
7,202,5,ἑκ,short
7,202,5,ατ,short
7,202,5,όμβ,long
7,202,5,"ας,",long
7,203,1,δαίν,long
7,203,1,υντ,long
7,203,1,αί,long
7,203,2,τε,short
7,203,3,παρ’,short
7,203,4,ἄμμ,long
7,203,4,ι,short
7,203,5,καθ,short
7,203,5,ήμ,long
7,203,5,εν,short
7,203,5,οι,short
7,203,6,ἔνθ,long
7,203,6,α,short
7,203,7,περ,short
7,203,8,ἡμ,long
7,203,8,εῖς.,long
7,204,1,εἰ,long
7,204,2,δ’ἄρ,short
7,204,2,α,short
7,204,3,τις,long
7,204,4,καὶ,long
7,204,5,μοῦν,long
7,204,5,ος,short
7,204,6,ἰ,short
7,204,6,ὼν,long
7,204,7,ξύμβλ,long
7,204,7,ητ,long
7,204,7,αι,short
7,204,8,ὁδ,short
7,204,8,ίτ,long
7,204,8,"ης,",long
7,205,1,οὔ,long
7,205,2,τι,short
7,205,3,κατ,short
7,205,3,ακρ,long
7,205,3,ύπτ,long
7,205,3,ουσ,long
7,205,3,"ιν,",short
7,205,4,ἐπ,short
7,205,4,εί,long
7,205,5,σφισ,short
7,205,5,ιν,short
7,205,6,ἐγγ,long
7,205,6,ύθ,short
7,205,6,εν,short
7,205,7,εἰμ,long
7,205,7,"έν,",long
7,206,1,ὥς,long
7,206,2,περ,long
7,206,3,Κύκλ,long
7,206,3,ωπ,long
7,206,3,ές,long
7,206,4,τε,short
7,206,5,καὶ,short
7,206,6,ἄγρ,long
7,206,6,ι,short
7,206,6,α,short
7,206,7,φῦλ,long
7,206,7,α,short
7,206,8,Γιγ,short
7,206,8,άντ,long
7,206,8,ων.,long
7,207,1,τὸν,long
7,207,2,δ’ἀπ,short
7,207,2,αμ,short
7,207,2,ειβ,long
7,207,2,όμ,short
7,207,2,εν,short
7,207,2,ος,long
7,207,3,προσ,short
7,207,3,έφ,short
7,207,3,η,long
7,207,4,πολ,short
7,207,4,ύμ,short
7,207,4,ητ,long
7,207,4,ις,short
7,207,5,Ὀδ,short
7,207,5,υσσ,long
7,207,5,εύς·,long
7,208,1,Ἀλκ,long
7,208,1,ίν,short
7,208,1,"ο’,",short
7,208,2,ἄλλ,long
7,208,2,ο,short
7,208,3,τί,short
7,208,4,τοι,long
7,208,5,μελ,short
7,208,5,έτ,short
7,208,5,ω,long
7,208,6,φρεσ,short
7,208,6,ίν·,short
7,208,7,οὐ,long
7,208,8,γὰρ,short
7,208,9,ἔγ,short
7,208,9,ωγ,long
7,208,9,ε,long
7,209,1,ἀθ,long
7,209,1,αν,short
7,209,1,άτ,short
7,209,1,οισ,long
7,209,1,ιν,short
7,209,2,ἔ,short
7,209,2,οικ,long
7,209,2,"α,",short
7,209,3,τοὶ,short
7,209,4,οὐρ,long
7,209,4,αν,short
7,209,4,ὸν,short
7,209,5,εὐρ,long
7,209,5,ὺν,short
7,209,6,ἔχ,short
7,209,6,ουσ,long
7,209,6,"ιν,",long
7,210,1,οὐ,long
7,210,2,δέμ,short
7,210,2,ας,short
7,210,3,οὐδ,long
7,210,3,ὲ,short
7,210,4,φυ,short
7,210,4,"ήν,",long
7,210,5,ἀλλ,long
7,210,5,ὰ,long
7,210,6,θνητ,long
7,210,6,οῖσ,long
7,210,6,ι,short
7,210,7,βροτ,short
7,210,7,οῖσ,long
7,210,7,ιν.,long
7,211,1,οὕς,long
7,211,2,τιν,short
7,211,2,ας,short
7,211,3,ὑμ,long
7,211,3,εῖς,long
7,211,4,ἴστ,long
7,211,4,ε,short
7,211,5,μάλ,short
7,211,5,ιστ’,long
7,211,6,ὀχ,short
7,211,6,έ,short
7,211,6,οντ,long
7,211,6,ας,short
7,211,7,ὀ,short
7,211,7,ϊζ,long
7,211,7,ὺν,long
7,212,1,ἀνθρ,long
7,212,1,ώπ,long
7,212,1,"ων,",long
7,212,2,τοῖσ,long
7,212,2,ίν,long
7,212,3,κεν,short
7,212,4,ἐν,short
7,212,5,ἄλγ,long
7,212,5,εσ,short
7,212,5,ιν,short
7,212,6,ἰσ,long
7,212,6,ωσ,long
7,212,6,αίμ,long
7,212,6,ην.,long
7,213,1,καὶ,long
7,213,2,δ’ἔτ,short
7,213,2,ι,short
7,213,3,κεν,long
7,213,4,καὶ,long
7,213,5,πλεῖ,long
7,213,5,ον,short
7,213,6,ἐγ,short
7,213,6,ὼ,long
7,213,7,κακ,short
7,213,7,ὰ,short
7,213,8,μυθ,long
7,213,8,ησ,long
7,213,8,αίμ,long
7,213,8,"ην,",long
7,214,1,ὅσσ,long
7,214,1,α,short
7,214,2,γε,short
7,214,3,δὴ,long
7,214,4,ξύμπ,long
7,214,4,αντ,long
7,214,4,α,short
7,214,5,θε,short
7,214,5,ῶν,long
7,214,6,ἰ,short
7,214,6,ότ,short
7,214,6,ητ,long
7,214,6,ι,short
7,214,7,μόγ,short
7,214,7,ησ,long
7,214,7,α.,long
7,215,1,ἀλλ’,long
7,215,2,ἐμ,short
7,215,2,ὲ,short
7,215,3,μὲν,long
7,215,4,δορπ,long
7,215,4,ῆσ,long
7,215,4,αι,short
7,215,5,ἐ,short
7,215,5,άσ,long
7,215,5,ατ,short
7,215,5,ε,short
7,215,6,κηδ,long
7,215,6,όμ,short
7,215,6,εν,short
7,215,6,όν,long
7,215,7,περ·,long
7,216,1,οὐ,long
7,216,2,γάρ,long
7,216,3,τι,long
7,216,4,στυγ,short
7,216,4,ερ,short
7,216,4,ῇ,long
7,216,5,ἐπ,short
7,216,5,ὶ,short
7,216,6,γαστ,long
7,216,6,έρ,short
7,216,6,ι,short
7,216,7,κύντ,long
7,216,7,ερ,short
7,216,7,ον,short
7,216,8,ἄλλ,long
7,216,8,ο,long
7,217,1,ἔπλ,long
7,217,1,ετ,short
7,217,1,"ο,",short
7,217,2,ἥ,long
7,217,3,τ’ἐκ,short
7,217,3,έλ,short
7,217,3,ευσ,long
7,217,3,εν,short
7,217,4,ἕ,short
7,217,4,ο,long
7,217,5,μνήσ,long
7,217,5,ασθ,long
7,217,5,αι,short
7,217,6,ἀν,short
7,217,6,άγκ,long
7,217,6,ῃ,long
7,218,1,καὶ,long
7,218,2,μάλ,short
7,218,2,α,short
7,218,3,τειρ,long
7,218,3,όμ,short
7,218,3,εν,short
7,218,3,ον,long
7,218,4,καὶ,short
7,218,5,ἐν,short
7,218,5,ὶ,long
7,218,6,φρεσ,short
7,218,6,ὶ,short
7,218,7,πένθ,long
7,218,7,ος,short
7,218,8,ἔχ,short
7,218,8,οντ,long
7,218,8,"α,",long
7,219,1,ὡς,long
7,219,2,καὶ,short
7,219,3,ἐγ,short
7,219,3,ὼ,long
7,219,4,πένθ,long
7,219,4,ος,long
7,219,5,μὲν,short
7,219,6,ἔχ,short
7,219,6,ω,long
7,219,7,φρεσ,short
7,219,7,"ίν,",short
7,219,8,ἡ,long
7,219,9,δὲ,short
7,219,10,μάλ’,short
7,219,11,αἰ,long
7,219,11,εὶ,long
7,220,1,ἐσθ,long
7,220,1,έμ,short
7,220,1,εν,short
7,220,1,αι,long
7,220,2,κέλ,short
7,220,2,ετ,short
7,220,2,αι,long
7,220,3,καὶ,long
7,220,4,πιν,long
7,220,4,έμ,short
7,220,4,"εν,",short
7,220,5,ἐκ,long
7,220,6,δέ,short
7,220,7,με,short
7,220,8,πάντ,long
7,220,8,ων,long
7,221,1,ληθ,long
7,221,1,άν,short
7,221,1,ει,short
7,221,2,ὅσσ’,long
7,221,3,ἔπ,short
7,221,3,αθ,short
7,221,3,"ον,",long
7,221,4,καὶ,short
7,221,5,ἐν,short
7,221,5,ιπλ,long
7,221,5,ήσ,long
7,221,5,ασθ,long
7,221,5,αι,short
7,221,6,ἀν,short
7,221,6,ώγ,long
7,221,6,ει.,long
7,222,1,ὑμ,long
7,222,1,εῖς,long
7,222,2,δ’ὀτρ,long
7,222,2,ύν,long
7,222,2,εσθ,long
7,222,2,ε,short
7,222,3,ἅμ’,short
7,222,4,ἠ,long
7,222,4,οῖ,long
7,222,5,φαιν,long
7,222,5,ομ,short
7,222,5,έν,short
7,222,5,ηφ,long
7,222,5,"ι,",long
7,223,1,ὥς,long
7,223,2,κ’ἐμ,short
7,223,2,ὲ,short
7,223,3,τὸν,long
7,223,4,δύστ,long
7,223,4,ην,long
7,223,4,ον,short
7,223,5,ἐμ,short
7,223,5,ῆς,long
7,223,6,ἐπ,short
7,223,6,ιβ,short
7,223,6,ήσ,long
7,223,6,ετ,short
7,223,6,ε,short
7,223,7,πάτρ,long
7,223,7,ης,long
7,224,1,καί,long
7,224,2,περ,long
7,224,3,πολλ,long
7,224,3,ὰ,short
7,224,4,παθ,short
7,224,4,όντ,long
7,224,4,α·,short
7,224,5,ἰδ,short
7,224,5,όντ,long
7,224,5,α,short
7,224,6,με,short
7,224,7,καὶ,long
7,224,8,λίπ,short
7,224,8,οι,short
7,224,9,αἰ,long
7,224,9,ὼν,long
7,225,1,κτῆσ,long
7,225,1,ιν,short
7,225,2,ἐμ,short
7,225,2,"ήν,",long
7,225,3,δμῶ,long
7,225,3,άς,long
7,225,4,τε,short
7,225,5,καὶ,short
7,225,6,ὑψ,long
7,225,6,ερ,short
7,225,6,εφ,short
7,225,6,ὲς,long
7,225,7,μέγ,short
7,225,7,α,short
7,225,8,δῶμ,long
7,225,8,α.,long
7,226,1,ὣς,long
7,226,2,ἔφ,short
7,226,2,"αθ’,",short
7,226,3,οἱ,long
7,226,4,δ’ἄρ,short
7,226,4,α,short
7,226,5,πάντ,long
7,226,5,ες,short
7,226,6,ἐπ,short
7,226,6,ῄν,long
7,226,6,ε,short
7,226,6,ον,short
7,226,7,ἠδ’,long
7,226,8,ἐκ,short
7,226,8,έλ,short
7,226,8,ευ,long
7,226,8,ον,long
7,227,1,πεμπ,long
7,227,1,έμ,short
7,227,1,εν,short
7,227,1,αι,long
7,227,2,τὸν,long
7,227,3,ξεῖν,long
7,227,3,"ον,",short
7,227,4,ἐπ,short
7,227,4,εὶ,long
7,227,5,κατ,short
7,227,5,ὰ,short
7,227,6,μοῖρ,long
7,227,6,αν,short
7,227,7,ἔ,short
7,227,7,ειπ,long
7,227,7,εν.,long
7,228,1,αὐτ,long
7,228,1,ὰρ,short
7,228,2,ἐπ,short
7,228,2,εὶ,long
7,228,3,σπεῖσ,long
7,228,3,άν,long
7,228,4,τ’ἔπ,short
7,228,4,ι,short
7,228,4,ον,long
7,228,5,θ’ὅσ,short
7,228,5,ον,short
7,228,6,ἤθ,long
7,228,6,ελ,short
7,228,6,ε,short
7,228,7,θυμ,long
7,228,7,"ός,",long
7,229,1,οἱ,long
7,229,2,μὲν,long
7,229,3,κακκ,long
7,229,3,εί,long
7,229,3,οντ,long
7,229,3,ες,short
7,229,4,ἔβ,short
7,229,4,αν,long
7,229,5,οἶκ,long
7,229,5,όνδ,long
7,229,5,ε,short
7,229,6,ἕκ,short
7,229,6,αστ,long
7,229,6,"ος,",long
7,230,1,αὐτ,long
7,230,1,ὰρ,short
7,230,2,ὁ,short
7,230,3,ἐν,long
7,230,4,μεγ,short
7,230,4,άρ,short
7,230,4,ῳ,long
7,230,5,ὑπ,short
7,230,5,ελ,short
7,230,5,είπ,long
7,230,5,ετ,short
7,230,5,ο,short
7,230,6,δῖ,long
7,230,6,ος,short
7,230,7,Ὀδ,short
7,230,7,υσσ,long
7,230,7,"εύς,",long
7,231,1,πὰρ,long
7,231,2,δέ,short
7,231,3,οἱ,short
7,231,4,Ἀρ,long
7,231,4,ήτ,long
7,231,4,η,long
7,231,5,τε,short
7,231,6,καὶ,short
7,231,7,Ἀλκ,long
7,231,7,ίν,short
7,231,7,ο,short
7,231,7,ος,long
7,231,8,θε,short
7,231,8,ο,short
7,231,8,ειδ,long
7,231,8,ὴς,long
7,232,1,ἥσθ,long
7,232,1,ην·,long
7,232,2,ἀμφ,long
7,232,2,ίπ,short
7,232,2,ολ,short
7,232,2,οι,long
7,232,3,δ’ἀπ,short
7,232,3,εκ,short
7,232,3,όσμ,long
7,232,3,ε,short
7,232,3,ον,short
7,232,4,ἔντ,long
7,232,4,ε,short
7,232,4,α,short
7,232,5,δαιτ,long
7,232,5,ός.,long
7,233,1,τοῖσ,long
7,233,1,ιν,long
7,233,2,δ’Ἀρ,long
7,233,2,ήτ,long
7,233,2,η,long
7,233,3,λευκ,long
7,233,3,ώλ,long
7,233,3,εν,short
7,233,3,ος,short
7,233,4,ἤρχ,long
7,233,4,ετ,short
7,233,4,ο,short
7,233,5,μύθ,long
7,233,5,ων·,long
7,234,1,ἔγν,long
7,234,1,ω,long
7,234,2,γὰρ,long
7,234,3,φᾶρ,long
7,234,3,ός,long
7,234,4,τε,short
7,234,5,χιτ,short
7,234,5,ῶν,long
7,234,5,ά,short
7,234,6,τε,short
7,234,7,εἵμ,long
7,234,7,ατ’,short
7,234,8,ἰδ,short
7,234,8,οῦσ,long
7,234,8,α,long
7,235,1,καλ,long
7,235,1,"ά,",short
7,235,2,τά,short
7,235,3,ῥ’αὐτ,long
7,235,3,ὴ,long
7,235,4,τεῦξ,long
7,235,4,ε,short
7,235,5,σὺν,short
7,235,6,ἀμφ,long
7,235,6,ιπ,short
7,235,6,όλ,short
7,235,6,οισ,long
7,235,6,ι,short
7,235,7,γυν,short
7,235,7,αιξ,long
7,235,7,ί·,long
7,236,1,καί,long
7,236,2,μιν,long
7,236,3,φων,long
7,236,3,ήσ,long
7,236,3,ασ’,long
7,236,4,ἔπ,short
7,236,4,ε,short
7,236,4,α,long
7,236,5,πτερ,short
7,236,5,ό,short
7,236,5,εντ,long
7,236,5,α,short
7,236,6,προσ,short
7,236,6,ηύδ,long
7,236,6,α·,long
7,237,1,ξεῖν,long
7,237,1,"ε,",short
7,237,2,τὸ,short
7,237,3,μέν,long
7,237,4,σε,long
7,237,5,πρῶτ,long
7,237,5,ον,short
7,237,6,ἐγ,short
7,237,6,ὼν,long
7,237,7,εἰρ,long
7,237,7,ήσ,long
7,237,7,ομ,short
7,237,7,αι,short
7,237,8,αὐτ,long
7,237,8,ή·,long
7,238,1,τίς,long
7,238,2,πόθ,short
7,238,2,εν,short
7,238,3,εἰς,long
7,238,4,ἀνδρ,long
7,238,4,ῶν;,long
7,238,5,τίς,long
7,238,6,τοι,long
7,238,7,τάδ,short
7,238,7,ε,short
7,238,8,εἵμ,long
7,238,8,ατ’,short
7,238,9,ἔδ,short
7,238,9,ωκ,long
7,238,9,εν;,long
7,239,1,οὐ,long
7,239,2,δὴ,long
7,239,3,φῇς,long
7,239,4,ἐπ,short
7,239,4,ὶ,short
7,239,5,πόντ,long
7,239,5,ον,short
7,239,6,ἀλ,short
7,239,6,ώμ,long
7,239,6,εν,short
7,239,6,ος,short
7,239,7,ἐνθ,long
7,239,7,άδ’,short
7,239,8,ἱκ,short
7,239,8,έσθ,long
7,239,8,αι;,long
7,240,1,τὴν,long
7,240,2,δ’ἀπ,short
7,240,2,αμ,short
7,240,2,ειβ,long
7,240,2,όμ,short
7,240,2,εν,short
7,240,2,ος,long
7,240,3,προσ,short
7,240,3,έφ,short
7,240,3,η,long
7,240,4,πολ,short
7,240,4,ύμ,short
7,240,4,ητ,long
7,240,4,ις,short
7,240,5,Ὀδ,short
7,240,5,υσσ,long
7,240,5,εύς·,long
7,241,1,ἀργ,long
7,241,1,αλ,short
7,241,1,έ,short
7,241,1,"ον,",long
7,241,2,βασ,short
7,241,2,ίλ,short
7,241,2,ει,long
7,241,2,"α,",short
7,241,3,δι,short
7,241,3,ην,long
7,241,3,εκ,short
7,241,3,έ,short
7,241,3,ως,long
7,241,4,ἀγ,short
7,241,4,ορ,short
7,241,4,εῦσ,long
7,241,4,αι,long
7,242,1,κήδ,long
7,242,1,"ε’,",short
7,242,2,ἐπ,short
7,242,2,εί,long
7,242,3,μοι,long
7,242,4,πολλ,long
7,242,4,ὰ,short
7,242,5,δόσ,short
7,242,5,αν,long
7,242,6,θε,short
7,242,6,οὶ,short
7,242,7,Οὐρ,long
7,242,7,αν,short
7,242,7,ί,short
7,242,7,ων,long
7,242,7,ες·,long
7,243,1,τοῦτ,long
7,243,1,ο,short
7,243,2,δέ,short
7,243,3,τοι,long
7,243,4,ἐρ,short
7,243,4,έ,short
7,243,4,ω,long
7,243,5,ὅ,short
7,243,6,μ’ἀν,short
7,243,6,είρ,long
7,243,6,ε,short
7,243,6,αι,short
7,243,7,ἠδ,long
7,243,7,ὲ,short
7,243,8,μετ,short
7,243,8,αλλ,long
7,243,8,ᾷς.,long
7,244,1,Ὠγ,long
7,244,1,υγ,short
7,244,1,ί,short
7,244,1,η,long
7,244,2,τις,long
7,244,3,νῆσ,long
7,244,3,ος,short
7,244,4,ἀπ,short
7,244,4,όπρ,long
7,244,4,οθ,short
7,244,4,εν,short
7,244,5,εἰν,long
7,244,6,ἁλ,short
7,244,6,ὶ,short
7,244,7,κεῖτ,long
7,244,7,αι·,long
7,245,1,ἔνθ,long
7,245,1,α,short
7,245,2,μὲν,short
7,245,3,Ἄτλ,long
7,245,3,αντ,long
7,245,3,ος,long
7,245,4,θυγ,short
7,245,4,άτ,short
7,245,4,"ηρ,",long
7,245,5,δολ,short
7,245,5,ό,short
7,245,5,εσσ,long
7,245,5,α,short
7,245,6,Καλ,short
7,245,6,υψ,long
7,245,6,ὼ,long
7,246,1,ναί,long
7,246,1,ει,short
7,246,2,ἐ,short
7,246,2,ϋπλ,long
7,246,2,όκ,short
7,246,2,αμ,short
7,246,2,"ος,",long
7,246,3,δειν,long
7,246,3,ὴ,long
7,246,4,θε,short
7,246,4,ός·,short
7,246,5,οὐδ,long
7,246,5,έ,short
7,246,6,τις,short
7,246,7,αὐτ,long
7,246,7,ῇ,long
7,247,1,μίσγ,long
7,247,1,ετ,short
7,247,1,αι,short
7,247,2,οὔτ,long
7,247,2,ε,short
7,247,3,θε,short
7,247,3,ῶν,long
7,247,4,οὔτ,long
7,247,4,ε,long
7,247,5,θνητ,long
7,247,5,ῶν,long
7,247,6,ἀνθρ,long
7,247,6,ώπ,long
7,247,6,ων.,long
7,248,1,ἀλλ’,long
7,248,2,ἐμ,short
7,248,2,ὲ,short
7,248,3,τὸν,long
7,248,4,δύστ,long
7,248,4,ην,long
7,248,4,ον,short
7,248,5,ἐφ,short
7,248,5,έστ,long
7,248,5,ι,short
7,248,5,ον,short
7,248,6,ἤγ,long
7,248,6,αγ,short
7,248,6,ε,short
7,248,7,δαίμ,long
7,248,7,ων,long
7,249,1,οἶ,long
7,249,1,"ον,",short
7,249,2,ἐπ,short
7,249,2,εί,long
7,249,3,μοι,long
7,249,4,νῆ,long
7,249,4,α,short
7,249,5,θο,short
7,249,5,ὴν,long
7,249,6,ἀργ,long
7,249,6,ῆτ,long
7,249,6,ι,short
7,249,7,κερ,short
7,249,7,αυν,long
7,249,7,ῷ,long
7,250,1,Ζεὺς,long
7,250,2,ἐλ,short
7,250,2,άσ,short
7,250,2,ας,long
7,250,3,ἐκ,short
7,250,3,έ,short
7,250,3,ασσ,long
7,250,3,ε,short
7,250,4,μέσ,short
7,250,4,ῳ,long
7,250,5,ἐν,short
7,250,5,ὶ,short
7,250,6,οἴν,long
7,250,6,οπ,short
7,250,6,ι,short
7,250,7,πόντ,long
7,250,7,ῳ.,long
7,251,1,ἔνθ’,long
7,251,2,ἄλλ,long
7,251,2,οι,long
7,251,3,μὲν,long
7,251,4,πάντ,long
7,251,4,ες,short
7,251,5,ἀπ,short
7,251,5,έφθ,long
7,251,5,ιθ,short
7,251,5,εν,short
7,251,6,ἐσθλ,long
7,251,6,οὶ,short
7,251,7,ἑτ,short
7,251,7,αῖρ,long
7,251,7,"οι,",long
7,252,1,αὐτ,long
7,252,1,ὰρ,short
7,252,2,ἐγ,short
7,252,2,ὼ,long
7,252,3,τρόπ,short
7,252,3,ιν,short
7,252,4,ἀγκ,long
7,252,4,ὰς,short
7,252,5,ἑλ,short
7,252,5,ὼν,long
7,252,6,νε,short
7,252,6,ὸς,short
7,252,7,ἀμφ,long
7,252,7,ι,short
7,252,7,ελ,short
7,252,7,ίσσ,long
7,252,7,ης,long
7,253,1,ἐνν,long
7,253,1,ῆμ,long
7,253,1,αρ,long
7,253,2,φερ,short
7,253,2,όμ,short
7,253,2,ην·,long
7,253,3,δεκ,short
7,253,3,άτ,short
7,253,3,ῃ,long
7,253,4,δέ,short
7,253,5,με,short
7,253,6,νυκτ,long
7,253,6,ὶ,short
7,253,7,μελ,short
7,253,7,αίν,long
7,253,7,ῃ,long
7,254,1,νῆσ,long
7,254,1,ον,short
7,254,2,ἐς,short
7,254,3,Ὠγ,long
7,254,3,υγ,short
7,254,3,ί,short
7,254,3,ην,long
7,254,4,πέλ,short
7,254,4,ασ,short
7,254,4,αν,long
7,254,5,θε,short
7,254,5,"οί,",short
7,254,6,ἔνθ,long
7,254,6,α,short
7,254,7,Καλ,short
7,254,7,υψ,long
7,254,7,ὼ,long
7,255,1,ναί,long
7,255,1,ει,short
7,255,2,ἐ,short
7,255,2,ϋπλ,long
7,255,2,όκ,short
7,255,2,αμ,short
7,255,2,"ος,",long
7,255,3,δειν,long
7,255,3,ὴ,long
7,255,4,θε,short
7,255,4,"ός,",short
7,255,5,ἥ,long
7,255,6,με,short
7,255,7,λαβ,short
7,255,7,οῦσ,long
7,255,7,α,long
7,256,1,ἐνδ,long
7,256,1,υκ,short
7,256,1,έ,short
7,256,1,ως,long
7,256,2,ἐφ,short
7,256,2,ίλ,short
7,256,2,ει,long
7,256,3,τε,short
7,256,4,καὶ,short
7,256,5,ἔτρ,long
7,256,5,εφ,short
7,256,5,εν,short
7,256,6,ἠδ,long
7,256,6,ὲ,short
7,256,7,ἔφ,short
7,256,7,ασκ,long
7,256,7,ε,long
7,257,1,θήσ,long
7,257,1,ειν,long
7,257,2,ἀθ,long
7,257,2,άν,short
7,257,2,ατ,short
7,257,2,ον,long
7,257,3,καὶ,short
7,257,4,ἀγ,short
7,257,4,ήρ,long
7,257,4,α,short
7,257,4,ον,short
7,257,5,ἤμ,long
7,257,5,ατ,short
7,257,5,α,short
7,257,6,πάντ,long
7,257,6,α·,long
7,258,1,ἀλλ’,long
7,258,2,ἐμ,short
7,258,2,ὸν,short
7,258,3,οὔ,long
7,258,4,ποτ,short
7,258,4,ε,short
7,258,5,θυμ,long
7,258,5,ὸν,short
7,258,6,ἐν,short
7,258,6,ὶ,long
7,258,7,στήθ,long
7,258,7,εσσ,long
7,258,7,ιν,short
7,258,8,ἔπ,short
7,258,8,ειθ,long
7,258,8,εν.,long
7,259,1,ἔνθ,long
7,259,1,α,short
7,259,2,μὲν,short
7,259,3,ἑπτ,long
7,259,3,ά,short
7,259,3,ετ,short
7,259,3,ες,long
7,259,4,μέν,short
7,259,4,ον,short
7,259,5,ἔμπ,long
7,259,5,εδ,short
7,259,5,"ον,",short
7,259,6,εἵμ,long
7,259,6,ατ,short
7,259,6,α,short
7,259,7,δ’αἰ,long
7,259,7,εὶ,long
7,260,1,δάκρ,long
7,260,1,υσ,short
7,260,1,ι,short
7,260,2,δεύ,long
7,260,2,εσκ,long
7,260,2,"ον,",long
7,260,3,τά,short
7,260,4,μοι,short
7,260,5,ἄμβρ,long
7,260,5,οτ,short
7,260,5,α,short
7,260,6,δῶκ,long
7,260,6,ε,short
7,260,7,Καλ,short
7,260,7,υψ,long
7,260,7,ώ·,long
7,261,1,ἀλλ’,long
7,261,2,ὅτ,short
7,261,2,ε,short
7,261,3,δὴ,long
7,261,4,ὄγ,short
7,261,4,δο,short
7,261,4,όν,long
7,261,5,μοι,short
7,261,6,ἐπ,short
7,261,6,ιπλ,long
7,261,6,όμ,short
7,261,6,εν,short
7,261,6,ον,long
7,261,7,ἔτ,short
7,261,7,ος,short
7,261,8,ἦλθ,long
7,261,8,"ε,",long
7,262,1,καὶ,long
7,262,2,τότ,short
7,262,2,ε,short
7,262,3,δή,long
7,262,4,μ’ἐκ,short
7,262,4,έλ,short
7,262,4,ευσ,long
7,262,4,εν,short
7,262,5,ἐπ,short
7,262,5,οτρ,long
7,262,5,ύν,long
7,262,5,ουσ,long
7,262,5,α,short
7,262,6,νέ,short
7,262,6,εσθ,long
7,262,6,αι,long
7,263,1,Ζην,long
7,263,1,ὸς,short
7,263,2,ὑπ’,short
7,263,3,ἀγγ,long
7,263,3,ελ,short
7,263,3,ί,short
7,263,3,"ης,",long
7,263,4,ἢ,long
7,263,5,καὶ,long
7,263,6,νό,short
7,263,6,ος,short
7,263,7,ἐτρ,long
7,263,7,άπ,short
7,263,7,ετ’,short
7,263,8,αὐτ,long
7,263,8,ῆς.,long
7,264,1,πέμπ,long
7,264,1,ε,short
7,264,2,δ’ἐπ,short
7,264,2,ὶ,long
7,264,3,σχεδ,short
7,264,3,ί,short
7,264,3,ης,long
7,264,4,πολ,short
7,264,4,υδ,short
7,264,4,έσμ,long
7,264,4,"ου,",long
7,264,5,πολλ,long
7,264,5,ὰ,short
7,264,6,δ’ἔδ,short
7,264,6,ωκ,long
7,264,6,"ε,",long
7,265,1,σῖτ,long
7,265,1,ον,long
7,265,2,καὶ,long
7,265,3,μέθ,short
7,265,3,υ,short
7,265,4,ἡδ,long
7,265,4,"ύ,",short
7,265,5,καὶ,short
7,265,6,ἄμβρ,long
7,265,6,οτ,short
7,265,6,α,short
7,265,7,εἵμ,long
7,265,7,ατ,short
7,265,7,α,short
7,265,8,ἕσσ,long
7,265,8,"εν,",long
7,266,1,οὖρ,long
7,266,1,ον,long
7,266,2,δὲ,long
7,266,3,προ,short
7,266,3,έ,short
7,266,3,ηκ,long
7,266,3,εν,short
7,266,4,ἀπ,short
7,266,4,ήμ,long
7,266,4,ον,short
7,266,4,ά,short
7,266,5,τε,long
7,266,6,λι,short
7,266,6,αρ,short
7,266,6,όν,long
7,266,7,τε.,long
7,267,1,ἑπτ,long
7,267,1,ὰ,short
7,267,2,δὲ,short
7,267,3,καὶ,long
7,267,4,δέκ,short
7,267,4,α,short
7,267,5,μὲν,long
7,267,6,πλέ,short
7,267,6,ον,short
7,267,7,ἤμ,long
7,267,7,ατ,short
7,267,7,α,short
7,267,8,ποντ,long
7,267,8,οπ,short
7,267,8,ορ,short
7,267,8,εύ,long
7,267,8,"ων,",long
7,268,1,ὀκτ,long
7,268,1,ωκ,long
7,268,1,αιδ,long
7,268,1,εκ,short
7,268,1,άτ,short
7,268,1,ῃ,long
7,268,2,δ’ἐφ,short
7,268,2,άν,short
7,268,2,η,long
7,268,3,ὄρ,short
7,268,3,ε,short
7,268,3,α,long
7,268,4,σκι,short
7,268,4,ό,short
7,268,4,εντ,long
7,268,4,α,long
7,269,1,γαί,long
7,269,1,ης,long
7,269,2,ὑμ,long
7,269,2,ετ,short
7,269,2,έρ,short
7,269,2,"ης,",long
7,269,3,γήθ,long
7,269,3,ησ,long
7,269,3,ε,short
7,269,4,δέ,short
7,269,5,μοι,long
7,269,6,φίλ,short
7,269,6,ον,short
7,269,7,ἦτ,long
7,269,7,ορ,long
7,270,1,δυσμ,long
7,270,1,όρ,short
7,270,1,ῳ·,short
7,270,2,ἦ,long
7,270,3,γὰρ,short
7,270,4,ἔμ,short
7,270,4,ελλ,long
7,270,4,ον,short
7,270,5,ἔτ,short
7,270,5,ι,long
7,270,6,ξυν,short
7,270,6,έσ,short
7,270,6,εσθ,long
7,270,6,αι,short
7,270,7,ὀ,short
7,270,7,ϊζ,long
7,270,7,υῖ,long
7,271,1,πολλ,long
7,271,1,"ῇ,",long
7,271,2,τήν,long
7,271,3,μοι,short
7,271,4,ἐπ,short
7,271,4,ῶρσ,long
7,271,4,ε,short
7,271,5,Ποσ,short
7,271,5,ειδ,long
7,271,5,ά,long
7,271,5,ων,long
7,271,6,ἐν,short
7,271,6,οσ,short
7,271,6,ίχθ,long
7,271,6,"ων,",long
7,272,1,ὅς,long
7,272,2,μοι,short
7,272,3,ἐφ,short
7,272,3,ορμ,long
7,272,3,ήσ,long
7,272,3,ας,long
7,272,4,ἀν,short
7,272,4,έμ,short
7,272,4,ους,long
7,272,5,κατ,short
7,272,5,έδ,short
7,272,5,ησ,long
7,272,5,ε,short
7,272,6,κέλ,short
7,272,6,ευθ,long
7,272,6,"ον,",long
7,273,1,ὤρ,long
7,273,1,ιν,long
7,273,1,εν,long
7,273,2,δὲ,short
7,273,3,θάλ,short
7,273,3,ασσ,long
7,273,3,αν,short
7,273,4,ἀθ,short
7,273,4,έσφ,long
7,273,4,ατ,short
7,273,4,"ον,",short
7,273,5,οὐδ,long
7,273,5,έ,short
7,273,6,τι,short
7,273,7,κῦμ,long
7,273,7,α,long
7,274,1,εἴ,long
7,274,1,α,short
7,274,2,ἐπ,short
7,274,2,ὶ,long
7,274,3,σχεδ,short
7,274,3,ί,short
7,274,3,ης,long
7,274,4,ἁδ,short
7,274,4,ιν,short
7,274,4,ὰ,long
7,274,5,στεν,short
7,274,5,άχ,short
7,274,5,οντ,long
7,274,5,α,short
7,274,6,φέρ,short
7,274,6,εσθ,long
7,274,6,αι.,long
7,275,1,τὴν,long
7,275,2,μὲν,short
7,275,3,ἔπ,short
7,275,3,ειτ,long
7,275,3,α,short
7,275,4,θύ,short
7,275,4,ελλ,long
7,275,4,α,short
7,275,5,δι,short
7,275,5,εσκ,long
7,275,5,έδ,short
7,275,5,ασ’·,short
7,275,6,αὐτ,long
7,275,6,ὰρ,short
7,275,7,ἔγ,short
7,275,7,ωγ,long
7,275,7,ε,long
7,276,1,νηχ,long
7,276,1,όμ,short
7,276,1,εν,short
7,276,1,ος,long
7,276,2,τόδ,short
7,276,2,ε,short
7,276,3,λαῖτμ,long
7,276,3,α,short
7,276,4,δι,short
7,276,4,έτμ,long
7,276,4,αγ,short
7,276,4,"ον,",short
7,276,5,ὄφρ,long
7,276,5,α,short
7,276,6,με,short
7,276,7,γαί,long
7,276,7,ῃ,long
7,277,1,ὑμ,long
7,277,1,ετ,short
7,277,1,έρ,short
7,277,1,ῃ,long
7,277,2,ἐπ,short
7,277,2,έλ,short
7,277,2,ασσ,long
7,277,2,ε,short
7,277,3,φέρ,short
7,277,3,ων,long
7,277,4,ἄν,short
7,277,4,εμ,short
7,277,4,ός,long
7,277,5,τε,short
7,277,6,καὶ,short
7,277,7,ὕδ,long
7,277,7,ωρ.,long
7,278,1,ἔνθ,long
7,278,1,α,short
7,278,2,κέ,short
7,278,3,μ’ἐκβ,long
7,278,3,αίν,long
7,278,3,οντ,long
7,278,3,α,short
7,278,4,βι,short
7,278,4,ήσ,long
7,278,4,ατ,short
7,278,4,ο,short
7,278,5,κῦμ’,long
7,278,6,ἐπ,short
7,278,6,ὶ,short
7,278,7,χέρσ,long
7,278,7,"ου,",long
7,279,1,πέτρ,long
7,279,1,ῃς,long
7,279,2,πρὸς,long
7,279,3,μεγ,short
7,279,3,άλ,short
7,279,3,ῃσ,long
7,279,3,ι,short
7,279,4,βαλ,short
7,279,4,ὸν,long
7,279,5,καὶ,short
7,279,6,ἀτ,short
7,279,6,ερπ,long
7,279,6,έ,short
7,279,6,ϊ,short
7,279,7,χώρ,long
7,279,7,ῳ·,long
7,280,1,ἀλλ’,long
7,280,2,ἀν,short
7,280,2,αχ,short
7,280,2,ασσ,long
7,280,2,άμ,short
7,280,2,εν,short
7,280,2,ος,long
7,280,3,νῆχ,long
7,280,3,ον,long
7,280,4,πάλ,short
7,280,4,"ιν,",short
7,280,5,ἧ,long
7,280,5,ος,short
7,280,6,ἐπ,short
7,280,6,ῆλθ,long
7,280,6,ον,long
7,281,1,ἐς,long
7,281,2,ποτ,short
7,281,2,αμ,short
7,281,2,"όν,",long
7,281,3,τῇ,long
7,281,4,δή,long
7,281,5,μοι,short
7,281,6,ἐ,short
7,281,6,είσ,long
7,281,6,ατ,short
7,281,6,ο,short
7,281,7,χῶρ,long
7,281,7,ος,short
7,281,8,ἄρ,short
7,281,8,ιστ,long
7,281,8,"ος,",long
7,282,1,λεῖ,long
7,282,1,ος,long
7,282,2,πετρ,long
7,282,2,ά,long
7,282,2,"ων,",long
7,282,3,καὶ,short
7,282,4,ἐπ,short
7,282,4,ὶ,long
7,282,5,σκέπ,short
7,282,5,ας,short
7,282,6,ἦν,long
7,282,7,ἀν,short
7,282,7,έμ,short
7,282,7,οι,long
7,282,7,ο.,long
7,283,1,ἐκ,long
7,283,2,δ’ἔπ,short
7,283,2,εσ,short
7,283,2,ον,long
7,283,3,θυμ,long
7,283,3,ηγ,long
7,283,3,ερ,short
7,283,3,έ,short
7,283,3,"ων,",long
7,283,4,ἐπ,short
7,283,4,ὶ,short
7,283,5,δ’ἀμβρ,long
7,283,5,οσ,short
7,283,5,ί,short
7,283,5,η,long
7,283,6,νὺξ,long
7,284,1,ἤλ,long
7,284,1,υθ’.,short
7,284,2,ἐγ,short
7,284,2,ὼ,long
7,284,3,δ’ἀπ,short
7,284,3,άν,short
7,284,3,ευθ,long
7,284,3,ε,short
7,284,4,δι,short
7,284,4,ϊπ,long
7,284,4,ετ,short
7,284,4,έ,short
7,284,4,ος,long
7,284,5,ποτ,short
7,284,5,αμ,short
7,284,5,οῖ,long
7,284,5,ο,long
7,285,1,ἐκβ,long
7,285,1,ὰς,long
7,285,2,ἐν,long
7,285,3,θάμν,long
7,285,3,οισ,long
7,285,3,ι,short
7,285,4,κατ,short
7,285,4,έδρ,long
7,285,4,αθ,short
7,285,4,"ον,",short
7,285,5,ἀμφ,long
7,285,5,ὶ,short
7,285,6,δὲ,short
7,285,7,φύλλ,long
7,285,7,α,long
7,286,1,ἠφ,long
7,286,1,υσ,short
7,286,1,άμ,short
7,286,1,ην·,long
7,286,2,ὕπν,long
7,286,2,ον,long
7,286,3,δὲ,short
7,286,4,θε,short
7,286,4,ὸς,long
7,286,5,κατ’,short
7,286,6,ἀπ,short
7,286,6,είρ,long
7,286,6,ον,short
7,286,6,α,short
7,286,7,χεῦ,long
7,286,7,εν.,long
7,287,1,ἔνθ,long
7,287,1,α,short
7,287,2,μὲν,short
7,287,3,ἐν,long
7,287,4,φύλλ,long
7,287,4,οισ,long
7,287,4,ι,short
7,287,5,φίλ,short
7,287,5,ον,long
7,287,6,τετ,short
7,287,6,ι,short
7,287,6,ημ,long
7,287,6,έν,short
7,287,6,ος,short
7,287,7,ἦτ,long
7,287,7,ορ,long
7,288,1,εὗδ,long
7,288,1,ον,long
7,288,2,πανν,long
7,288,2,ύχ,short
7,288,2,ι,short
7,288,2,ος,long
7,288,3,καὶ,short
7,288,4,ἐπ’,short
7,288,5,ἠ,long
7,288,5,ῶ,long
7,288,6,καὶ,long
7,288,7,μέσ,short
7,288,7,ον,short
7,288,8,ἦμ,long
7,288,8,αρ.,long
7,289,1,δύσ,long
7,289,1,ετ,short
7,289,1,ό,short
7,289,2,τ’ἠ,long
7,289,2,έλ,short
7,289,2,ι,short
7,289,2,ος,long
7,289,3,καί,long
7,289,4,με,long
7,289,5,γλυκ,short
7,289,5,ὺς,short
7,289,6,ὕπν,long
7,289,6,ος,short
7,289,7,ἀν,short
7,289,7,ῆκ,long
7,289,7,εν.,long
7,290,1,ἀμφ,long
7,290,1,ιπ,short
7,290,1,όλ,short
7,290,1,ους,long
7,290,2,δ’ἐπ,short
7,290,2,ὶ,short
7,290,3,θιν,long
7,290,3,ὶ,short
7,290,4,τε,short
7,290,4,ῆς,long
7,290,5,ἐν,short
7,290,5,ό,short
7,290,5,ησ,long
7,290,5,α,short
7,290,6,θυγ,short
7,290,6,ατρ,long
7,290,6,ὸς,long
7,291,1,παιζ,long
7,291,1,ούσ,long
7,291,1,"ας,",long
7,291,2,ἐν,long
7,291,3,δ’αὐτ,long
7,291,3,ὴ,short
7,291,4,ἔ,short
7,291,4,ην,long
7,291,5,ἐ,short
7,291,5,ϊκ,short
7,291,5,υῖ,long
7,291,5,α,short
7,291,6,θε,short
7,291,6,ῇσ,long
7,291,6,ι·,long
7,292,1,τὴν,long
7,292,2,ἱκ,short
7,292,2,έτ,short
7,292,2,ευσ’·,long
7,292,3,ἡ,long
7,292,4,δ’οὔ,long
7,292,5,τι,short
7,292,6,νο,short
7,292,6,ήμ,long
7,292,6,ατ,short
7,292,6,ος,short
7,292,7,ἤμβρ,long
7,292,7,οτ,short
7,292,7,εν,short
7,292,8,ἐσθλ,long
7,292,8,"οῦ,",long
7,293,1,ὡς,long
7,293,2,οὐκ,long
7,293,3,ἂν,long
7,293,4,ἔλπ,long
7,293,4,οι,long
7,293,4,ο,short
7,293,5,νε,short
7,293,5,ώτ,long
7,293,5,ερ,short
7,293,5,ον,short
7,293,6,ἀντ,long
7,293,6,ι,short
7,293,6,άσ,short
7,293,6,αντ,long
7,293,6,α,long
7,294,1,ἐρξ,long
7,294,1,έμ,short
7,294,1,εν·,short
7,294,2,αἰ,long
7,294,2,εὶ,long
7,294,3,γάρ,long
7,294,4,τε,short
7,294,5,νε,short
7,294,5,ώτ,long
7,294,5,ερ,short
7,294,5,οι,short
7,294,6,ἀφρ,long
7,294,6,αδ,short
7,294,6,έ,short
7,294,6,ουσ,long
7,294,6,ιν.,long
7,295,1,ἥ,long
7,295,2,μοι,long
7,295,3,σῖτ,long
7,295,3,ον,short
7,295,4,ἔδ,short
7,295,4,ωκ,long
7,295,4,εν,short
7,295,5,ἅλ,short
7,295,5,ις,long
7,295,6,ἠδ’,long
7,295,7,αἴθ,long
7,295,7,οπ,short
7,295,7,α,short
7,295,8,οἶν,long
7,295,8,ον,long
7,296,1,καὶ,long
7,296,2,λοῦσ’,long
7,296,3,ἐν,long
7,296,4,ποτ,short
7,296,4,αμ,short
7,296,4,ῷ,long
7,296,5,καί,long
7,296,6,μοι,long
7,296,7,τάδ,short
7,296,7,ε,short
7,296,8,εἵμ,long
7,296,8,ατ’,short
7,296,9,ἔδ,short
7,296,9,ωκ,long
7,296,9,ε.,long
7,297,1,ταῦτ,long
7,297,1,ά,short
7,297,2,τοι,short
7,297,3,ἀχν,long
7,297,3,ύμ,short
7,297,3,εν,short
7,297,3,ός,long
7,297,4,περ,short
7,297,5,ἀλ,short
7,297,5,ηθ,long
7,297,5,εί,long
7,297,5,ην,long
7,297,6,κατ,short
7,297,6,έλ,short
7,297,6,εξ,long
7,297,6,α.,long
7,298,1,τὸν,long
7,298,2,δ’αὖτ’,long
7,298,3,Ἀλκ,long
7,298,3,ίν,short
7,298,3,ο,short
7,298,3,ος,long
7,298,4,ἀπ,short
7,298,4,αμ,short
7,298,4,είβ,long
7,298,4,ετ,short
7,298,4,ο,short
7,298,5,φών,long
7,298,5,ησ,long
7,298,5,έν,long
7,298,6,τε·,long
7,299,1,"ξεῖν’,",long
7,299,2,ἤτ,long
7,299,2,οι,long
7,299,3,μὲν,long
7,299,4,τοῦτ,long
7,299,4,ο,short
7,299,5,γ’ ἐν,short
7,299,5,αίσ,long
7,299,5,ιμ,short
7,299,5,ον,short
7,299,6,οὐκ,long
7,299,7,ἐν,short
7,299,7,ό,short
7,299,7,ησ,long
7,299,7,ε,long
7,300,1,παῖς,long
7,300,2,ἐμ,short
7,300,2,"ή,",short
7,300,3,οὕν,long
7,300,3,εκ,short
7,300,3,ά,short
7,300,4,σ’οὔ,long
7,300,5,τι,short
7,300,6,nbsp;μετ’,short
7,300,7,ἀμφ,long
7,300,7,ιπ,short
7,300,7,όλ,short
7,300,7,οισ,long
7,300,7,ι,short
7,300,8,γυν,short
7,300,8,αιξ,long
7,300,8,ὶν,long
7,301,1,ἦγ,long
7,301,1,εν,short
7,301,2,ἐς,short
7,301,3,ἡμ,long
7,301,3,έτ,short
7,301,3,ερ,short
7,301,3,"ον,",long
7,301,4,σὺ,short
7,301,5,δ’ἄρ,short
7,301,5,α,long
7,301,6,πρώτ,long
7,301,6,ην,long
7,301,7,ἱκ,short
7,301,7,έτ,short
7,301,7,ευσ,long
7,301,7,ας.,long
7,302,1,τὸν,long
7,302,2,δ’ἀπ,short
7,302,2,αμ,short
7,302,2,ειβ,long
7,302,2,όμ,short
7,302,2,εν,short
7,302,2,ος,long
7,302,3,προσ,short
7,302,3,έφ,short
7,302,3,η,long
7,302,4,πολ,short
7,302,4,ύμ,short
7,302,4,ητ,long
7,302,4,ις,short
7,302,5,Ὀδ,short
7,302,5,υσσ,long
7,302,5,εύς·,long
7,303,1,ἥρ,long
7,303,1,"ως,",long
7,303,2,μή,long
7,303,3,μοι,long
7,303,4,τοὔν,long
7,303,4,εκ’,short
7,303,5,ἀμ,short
7,303,5,ύμ,long
7,303,5,ον,short
7,303,5,α,short
7,303,6,νείκ,long
7,303,6,ε,short
7,303,6,ε,short
7,303,7,κούρ,long
7,303,7,ην·,long
7,304,1,ἡ,long
7,304,2,μὲν,long
7,304,3,γάρ,long
7,304,4,μ’ἐκ,short
7,304,4,έλ,short
7,304,4,ευ,long
7,304,4,ε,short
7,304,5,σὺν,short
7,304,6,ἀμφ,long
7,304,6,ιπ,short
7,304,6,όλ,short
7,304,6,οισ,long
7,304,6,ιν,short
7,304,7,ἕπ,short
7,304,7,εσθ,long
7,304,7,"αι,",long
7,305,1,ἀλλ’,long
7,305,2,ἐγ,short
7,305,2,ὼ,short
7,305,3,οὐκ,long
7,305,4,ἔθ,short
7,305,4,ελ,short
7,305,4,ον,long
7,305,5,δείσ,long
7,305,5,ας,long
7,305,6,αἰσχ,long
7,305,6,υν,long
7,305,6,όμ,short
7,305,6,εν,short
7,305,6,ός,long
7,305,7,"τε,",long
7,306,1,μή,long
7,306,2,πως,long
7,306,3,καὶ,long
7,306,4,σοὶ,long
7,306,5,θυμ,long
7,306,5,ὸς,short
7,306,6,ἐπ,short
7,306,6,ισκ,long
7,306,6,ύσσ,long
7,306,6,αιτ,long
7,306,6,ο,short
7,306,7,ἰδ,short
7,306,7,όντ,long
7,306,7,ι·,long
7,307,1,δύσζ,long
7,307,1,ηλ,long
7,307,1,οι,long
7,307,2,γάρ,long
7,307,3,τ’εἰμ,long
7,307,3,ὲν,short
7,307,4,ἐπ,short
7,307,4,ὶ,long
7,307,5,χθον,short
7,307,5,ὶ,short
7,307,6,φῦλ’,long
7,307,7,ἀνθρ,long
7,307,7,ώπ,long
7,307,7,ων.,long
7,308,1,τὸν,long
7,308,2,δ’αὖτ’,long
7,308,3,Ἀλκ,long
7,308,3,ίν,short
7,308,3,ο,short
7,308,3,ος,long
7,308,4,ἀπ,short
7,308,4,αμ,short
7,308,4,είβ,long
7,308,4,ετ,short
7,308,4,ο,short
7,308,5,φών,long
7,308,5,ησ,long
7,308,5,έν,long
7,308,6,τε·,long
7,309,1,"ξεῖν’,",long
7,309,2,οὔ,long
7,309,3,μοι,long
7,309,4,τοι,long
7,309,4,οῦτ,long
7,309,4,ον,short
7,309,5,ἐν,short
7,309,5,ὶ,long
7,309,6,στήθ,long
7,309,6,εσσ,long
7,309,6,ι,short
7,309,7,φίλ,short
7,309,7,ον,long
7,309,8,κῆρ,long
7,310,1,μαψ,long
7,310,1,ιδ,short
7,310,1,ί,short
7,310,1,ως,long
7,310,2,κεχ,short
7,310,2,ολ,short
7,310,2,ῶσθ,long
7,310,2,αι·,short
7,310,3,ἀμ,short
7,310,3,είν,long
7,310,3,ω,long
7,310,4,δ’αἴσ,long
7,310,4,ιμ,short
7,310,4,α,short
7,310,5,πάντ,long
7,310,5,α.,long
7,311,1,αἲ,long
7,311,2,"γάρ,",long
7,311,3,Ζεῦ,long
7,311,4,τε,short
7,311,5,πάτ,short
7,311,5,ερ,long
7,311,6,καὶ,short
7,311,7,Ἀθ,short
7,311,7,ην,long
7,311,7,αί,long
7,311,7,η,long
7,311,8,καὶ,short
7,311,9,Ἄπ,short
7,311,9,ολλ,long
7,311,9,"ον,",long
7,312,1,τοῖ,long
7,312,1,ος,short
7,312,2,ἐ,short
7,312,2,ὼν,long
7,312,3,οἷ,short
7,312,3,ός,short
7,312,4,ἐσσ,long
7,312,4,"ι,",short
7,312,5,τά,short
7,312,6,τε,long
7,312,7,φρον,short
7,312,7,έ,short
7,312,7,ων,long
7,312,8,ἅ,short
7,312,9,τ’ἐγ,short
7,312,9,ώ,long
7,312,10,"περ,",long
7,313,1,παῖδ,long
7,313,1,ά,short
7,313,2,τ’ἐμ,short
7,313,2,ὴν,long
7,313,3,ἐχ,short
7,313,3,έμ,short
7,313,3,εν,long
7,313,4,καὶ,short
7,313,5,ἐμ,short
7,313,5,ὸς,long
7,313,6,γαμβρ,long
7,313,6,ὸς,long
7,313,7,καλ,short
7,313,7,έ,short
7,313,7,εσθ,long
7,313,7,αι,long
7,314,1,αὖθ,long
7,314,1,ι,short
7,314,2,μέν,short
7,314,2,ων·,long
7,314,3,οἶκ,long
7,314,3,ον,long
7,314,4,δέ,short
7,314,5,κ’ἐγ,short
7,314,5,ὼ,long
7,314,6,καὶ,long
7,314,7,κτήμ,long
7,314,7,ατ,short
7,314,7,α,short
7,314,8,δοί,long
7,314,8,"ην,",long
7,315,1,εἴ,long
7,315,2,κ’ἐθ,short
7,315,2,έλ,short
7,315,2,ων,long
7,315,3,γε,short
7,315,4,μέν,short
7,315,4,οις·,long
7,315,5,ἀ,short
7,315,5,έκ,short
7,315,5,οντ,long
7,315,5,α,short
7,315,6,δέ,short
7,315,7,σ’οὔ,long
7,315,8,τις,short
7,315,9,ἐρ,short
7,315,9,ύξ,long
7,315,9,ει,long
7,316,1,Φαι,long
7,316,1,ήκ,long
7,316,1,ων·,long
7,316,2,μὴ,long
7,316,3,τοῦτ,long
7,316,3,ο,short
7,316,4,φίλ,short
7,316,4,ον,long
7,316,5,Δι,short
7,316,5,ῒ,short
7,316,6,πατρ,long
7,316,6,ὶ,short
7,316,7,γέν,short
7,316,7,οιτ,long
7,316,7,ο.,long
7,317,1,πομπ,long
7,317,1,ὴν,long
7,317,2,δ’ἐς,long
7,317,3,τόδ’,short
7,317,4,ἐγ,short
7,317,4,ὼ,long
7,317,5,τεκμ,long
7,317,5,αίρ,long
7,317,5,ομ,short
7,317,5,"αι,",short
7,317,6,ὄφρ’,long
7,317,7,ἐ,short
7,317,7,ῢ,short
7,317,8,εἰδ,long
7,317,8,"ῇς,",long
7,318,1,αὔρ,long
7,318,1,ι,short
7,318,1,ον,short
7,318,2,ἔς·,long
7,318,3,τῆμ,long
7,318,3,ος,long
7,318,4,δὲ,short
7,318,5,σὺ,short
7,318,6,μὲν,long
7,318,7,δεδμ,long
7,318,7,ημ,long
7,318,7,έν,short
7,318,7,ος,short
7,318,8,ὕπν,long
7,318,8,ῳ,long
7,319,1,λέξ,long
7,319,1,ε,short
7,319,1,"αι,",short
7,319,2,οἱ,long
7,319,3,δ’ἐλ,short
7,319,3,ό,short
7,319,3,ωσ,long
7,319,3,ι,short
7,319,4,γαλ,short
7,319,4,ήν,long
7,319,4,"ην,",long
7,319,5,ὄφρ’,long
7,319,6,ἂν,short
7,319,7,ἵκ,short
7,319,7,η,long
7,319,7,αι,long
7,320,1,πατρ,long
7,320,1,ίδ,short
7,320,1,α,short
7,320,2,σὴν,long
7,320,3,καὶ,long
7,320,4,δῶμ,long
7,320,4,"α,",short
7,320,5,καὶ,short
7,320,6,εἴ,long
7,320,7,πού,long
7,320,8,τοι,long
7,320,9,φίλ,short
7,320,9,ον,short
7,320,10,ἐστ,long
7,320,10,"ίν,",long
7,321,1,εἴ,long
7,321,2,περ,long
7,321,3,καὶ,long
7,321,4,μάλ,short
7,321,4,α,short
7,321,5,πολλ,long
7,321,5,ὸν,short
7,321,6,ἑκ,short
7,321,6,αστ,long
7,321,6,έρ,short
7,321,6,ω,short
7,321,7,ἔστ’,long
7,321,8,Εὐβ,long
7,321,8,οί,long
7,321,8,"ης,",long
7,322,1,τὴν,long
7,322,2,γὰρ,long
7,322,3,τηλ,long
7,322,3,οτ,short
7,322,3,άτ,short
7,322,3,ω,long
7,322,4,φάσ’,long
7,322,5,ἔμμ,long
7,322,5,εν,short
7,322,5,"αι,",short
7,322,6,οἵ,long
7,322,7,μιν,short
7,322,8,ἴδ,short
7,322,8,οντ,long
7,322,8,ο,long
7,323,1,λα,long
7,323,1,ῶν,long
7,323,2,ἡμ,long
7,323,2,ετ,short
7,323,2,έρ,short
7,323,2,"ων,",long
7,323,3,ὅτ,short
7,323,3,ε,short
7,323,4,τε,long
7,323,5,ξανθ,long
7,323,5,ὸν,long
7,323,6,Ῥαδ,short
7,323,6,άμ,short
7,323,6,ανθ,long
7,323,6,υν,long
7,324,1,ἦγ,long
7,324,1,ον,short
7,324,2,ἐπ,short
7,324,2,οψ,long
7,324,2,όμ,short
7,324,2,εν,short
7,324,2,ον,long
7,324,3,Τιτ,short
7,324,3,υ,short
7,324,3,ὸν,long
7,324,4,Γαι,long
7,324,4,ή,long
7,324,4,ϊ,short
7,324,4,ον,short
7,324,5,υἱ,long
7,324,5,όν.,long
7,325,1,καὶ,long
7,325,2,μὲν,short
7,325,3,οἱ,short
7,325,4,ἔνθ’,long
7,325,5,ἦλθ,long
7,325,5,ον,long
7,325,6,καὶ,short
7,325,7,ἄτ,short
7,325,7,ερ,long
7,325,8,καμ,short
7,325,8,άτ,short
7,325,8,οι,long
7,325,8,ο,short
7,325,9,τέλ,short
7,325,9,εσσ,long
7,325,9,αν,long
7,326,1,ἤμ,long
7,326,1,ατ,short
7,326,1,ι,short
7,326,2,τῷ,long
7,326,3,αὐτ,long
7,326,3,ῷ,long
7,326,4,καὶ,short
7,326,5,ἀπ,short
7,326,5,ήν,long
7,326,5,υσ,short
7,326,5,αν,short
7,326,6,οἴκ,long
7,326,6,αδ’,short
7,326,7,ὀπ,short
7,326,7,ίσσ,long
7,326,7,ω.,long
7,327,1,εἰδ,long
7,327,1,ήσ,long
7,327,1,εις,long
7,327,2,δὲ,short
7,327,3,καὶ,short
7,327,4,αὐτ,long
7,327,4,ὸς,short
7,327,5,ἐν,short
7,327,5,ὶ,long
7,327,6,φρεσ,short
7,327,6,ὶν,short
7,327,7,ὅσσ,long
7,327,7,ον,short
7,327,8,ἄρ,short
7,327,8,ιστ,long
7,327,8,αι,long
7,328,1,νῆ,long
7,328,1,ες,short
7,328,2,ἐμ,short
7,328,2,αὶ,long
7,328,3,καὶ,long
7,328,4,κοῦρ,long
7,328,4,οι,short
7,328,5,ἀν,short
7,328,5,αρρ,long
7,328,5,ίπτ,long
7,328,5,ειν,long
7,328,6,ἅλ,short
7,328,6,α,short
7,328,7,πηδ,long
7,328,7,ῷ.,long
7,329,1,ὣς,long
7,329,2,φάτ,short
7,329,2,"ο,",short
7,329,3,γήθ,long
7,329,3,ησ,long
7,329,3,εν,long
7,329,4,δὲ,short
7,329,5,πολ,short
7,329,5,ύτλ,long
7,329,5,ας,long
7,329,6,δῖ,long
7,329,6,ος,short
7,329,7,Ὀδ,short
7,329,7,υσσ,long
7,329,7,"εύς,",long
7,330,1,εὐχ,long
7,330,1,όμ,short
7,330,1,εν,short
7,330,1,ος,long
7,330,2,δ’ἄρ,short
7,330,2,α,short
7,330,3,εἶπ,long
7,330,3,"εν,",short
7,330,4,ἔπ,short
7,330,4,ος,long
7,330,5,τ’ἔφ,short
7,330,5,ατ’,short
7,330,6,ἔκ,long
7,330,7,τ’ὀν,short
7,330,7,όμ,short
7,330,7,αζ,long
7,330,7,ε·,long
7,331,1,Ζεῦ,long
7,331,2,πάτ,short
7,331,2,"ερ,",short
7,331,3,αἴθ’,long
7,331,4,ὅσ,short
7,331,4,α,short
7,331,5,εἶπ,long
7,331,5,ε,short
7,331,6,τελ,short
7,331,6,ευτ,long
7,331,6,ήσ,long
7,331,6,ει,long
7,331,6,εν,short
7,331,7,ἅπ,short
7,331,7,αντ,long
7,331,7,α,long
7,332,1,Ἀλκ,long
7,332,1,ίν,short
7,332,1,ο,short
7,332,1,ος·,long
7,332,2,τοῦ,long
7,332,3,μέν,long
7,332,4,κεν,short
7,332,5,ἐπ,short
7,332,5,ὶ,long
7,332,6,ζείδ,long
7,332,6,ωρ,long
7,332,6,ον,short
7,332,7,ἄρ,short
7,332,7,ουρ,long
7,332,7,αν,long
7,333,1,ἄσβ,long
7,333,1,εστ,long
7,333,1,ον,long
7,333,2,κλέ,short
7,333,2,ος,short
7,333,3,εἴ,long
7,333,3,"η,",short
7,333,4,ἐγ,short
7,333,4,ὼ,long
7,333,5,δέ,short
7,333,6,κε,short
7,333,7,πατρ,long
7,333,7,ίδ’,short
7,333,8,ἱκ,short
7,333,8,οίμ,long
7,333,8,ην.,long
7,334,1,ὣς,long
7,334,2,οἱ,long
7,334,3,μὲν,long
7,334,4,τοι,long
7,334,4,αῦτ,long
7,334,4,α,short
7,334,5,πρὸς,short
7,334,6,ἀλλ,long
7,334,6,ήλ,long
7,334,6,ους,long
7,334,7,ἀγ,short
7,334,7,όρ,short
7,334,7,ευ,long
7,334,7,ον·,long
7,335,1,κέκλ,long
7,335,1,ετ,short
7,335,1,ο,short
7,335,2,δ’Ἀρ,long
7,335,2,ήτ,long
7,335,2,η,long
7,335,3,λευκ,long
7,335,3,ώλ,long
7,335,3,εν,short
7,335,3,ος,short
7,335,4,ἀμφ,long
7,335,4,ιπ,short
7,335,4,όλ,short
7,335,4,οισ,long
7,335,4,ι,long
7,336,1,δέμν,long
7,336,1,ι’,short
7,336,2,ὑπ’,short
7,336,3,αἰθ,long
7,336,3,ούσ,long
7,336,3,ῃ,long
7,336,4,θέμ,short
7,336,4,εν,short
7,336,4,αι,long
7,336,5,καὶ,long
7,336,6,ῥήγ,long
7,336,6,ε,short
7,336,6,α,short
7,336,7,καλ,long
7,336,7,ὰ,long
7,337,1,πορφ,long
7,337,1,ύρ,short
7,337,1,ε’,short
7,337,2,ἐμβ,long
7,337,2,αλ,short
7,337,2,έ,short
7,337,2,"ειν,",long
7,337,3,στορ,short
7,337,3,έσ,short
7,337,3,αι,long
7,337,4,τ’ἐφ,short
7,337,4,ύπ,short
7,337,4,ερθ,long
7,337,4,ε,short
7,337,5,τάπ,short
7,337,5,ητ,long
7,337,5,ας,long
7,338,1,χλαίν,long
7,338,1,ας,long
7,338,2,τ’ἐνθ,long
7,338,2,έμ,short
7,338,2,εν,short
7,338,2,αι,long
7,338,3,οὔλ,long
7,338,3,ας,long
7,338,4,καθ,short
7,338,4,ύπ,short
7,338,4,ερθ,long
7,338,4,εν,short
7,338,5,ἕσ,short
7,338,5,ασθ,long
7,338,5,αι.,long
7,339,1,αἱ,long
7,339,2,δ’ἴσ,short
7,339,2,αν,short
7,339,3,ἐκ,long
7,339,4,μεγ,short
7,339,4,άρ,short
7,339,4,οι,long
7,339,4,ο,short
7,339,5,δά,short
7,339,5,ος,long
7,339,6,μετ,short
7,339,6,ὰ,short
7,339,7,χερσ,long
7,339,7,ὶν,short
7,339,8,ἔχ,short
7,339,8,ουσ,long
7,339,8,αι·,long
7,340,1,αὐτ,long
7,340,1,ὰρ,short
7,340,2,ἐπ,short
7,340,2,εὶ,long
7,340,3,στόρ,short
7,340,3,εσ,short
7,340,3,αν,long
7,340,4,πυκ,short
7,340,4,ιν,short
7,340,4,ὸν,long
7,340,5,λέχ,short
7,340,5,ος,short
7,340,6,ἐγκ,long
7,340,6,ον,short
7,340,6,έ,short
7,340,6,ουσ,long
7,340,6,"αι,",long
7,341,1,ὤτρ,long
7,341,1,υν,long
7,341,1,ον,long
7,341,2,δ’Ὀδ,short
7,341,2,υσ,short
7,341,2,ῆ,long
7,341,2,α,short
7,341,3,παρ,short
7,341,3,ιστ,long
7,341,3,άμ,short
7,341,3,εν,short
7,341,3,αι,long
7,341,4,ἐπ,short
7,341,4,έ,short
7,341,4,εσσ,long
7,341,4,ιν·,long
7,342,1,ὄρσ,long
7,342,1,ο,short
7,342,2,κέ,short
7,342,2,"ων,",long
7,342,3,ὦ,long
7,342,4,ξεῖν,long
7,342,4,ε·,short
7,342,5,πεπ,short
7,342,5,οί,long
7,342,5,ητ,long
7,342,5,αι,long
7,342,6,δέ,short
7,342,7,τοι,short
7,342,8,εὐν,long
7,342,8,ή.,long
7,343,1,ὣς,long
7,343,2,"φάν,",long
7,343,3,τῷ,long
7,343,4,δ’ἀσπ,long
7,343,4,αστ,long
7,343,4,ὸν,short
7,343,5,ἐ,short
7,343,5,είσ,long
7,343,5,ατ,short
7,343,5,ο,short
7,343,6,κοιμ,long
7,343,6,ηθ,long
7,343,6,ῆν,long
7,343,6,αι.,long
7,344,1,ὣς,long
7,344,2,ὁ,short
7,344,3,μὲν,short
7,344,4,ἔνθ,long
7,344,4,α,short
7,344,5,καθ,short
7,344,5,εῦδ,long
7,344,5,ε,short
7,344,6,πολ,short
7,344,6,ύτλ,long
7,344,6,ας,long
7,344,7,δῖ,long
7,344,7,ος,short
7,344,8,Ὀδ,short
7,344,8,υσσ,long
7,344,8,εὺς,long
7,345,1,τρητ,long
7,345,1,οῖς,long
7,345,2,ἐν,long
7,345,3,λεχ,short
7,345,3,έ,short
7,345,3,εσσ,long
7,345,3,ιν,short
7,345,4,ὑπ’,short
7,345,5,αἰθ,long
7,345,5,ούσ,long
7,345,5,ῃ,long
7,345,6,ἐρ,short
7,345,6,ιδ,short
7,345,6,ούπ,long
7,345,6,ῳ·,long
7,346,1,Ἀλκ,long
7,346,1,ίν,short
7,346,1,ο,short
7,346,1,ος,long
7,346,2,δ’ἄρ,short
7,346,2,α,short
7,346,3,λέκτ,long
7,346,3,ο,short
7,346,4,μυχ,short
7,346,4,ῷ,long
7,346,5,δόμ,short
7,346,5,ου,short
7,346,6,ὑψ,long
7,346,6,ηλ,long
7,346,6,οῖ,long
7,346,6,"ο,",long
7,347,1,πὰρ,long
7,347,2,δὲ,short
7,347,3,γυν,short
7,347,3,ὴ,long
7,347,4,δέσπ,long
7,347,4,οιν,long
7,347,4,α,short
7,347,5,λέχ,short
7,347,5,ος,long
7,347,6,πόρσ,long
7,347,6,υν,long
7,347,6,ε,short
7,347,7,καὶ,short
7,347,8,εὐν,long
7,347,8,ήν.,long
