Book,Line,Word,Text,Length,Foot
6,1,1,ὣς,long,1
6,1,2,ὁ,short,1
6,1,3,μὲν,short,1
6,1,4,ἔνθ,long,2
6,1,4,α,short,2
6,1,5,καθ,short,2
6,1,5,εῦδ,long,3
6,1,5,ε,short,3
6,1,6,πολ,short,3
6,1,6,ύτλ,long,4
6,1,6,ας,long,4
6,1,7,δῖ,long,5
6,1,7,ος,short,5
6,1,8,Ὀδ,short,5
6,1,8,υσσ,long,6
6,1,8,εὺς,long,6
6,2,1,ὕπν,long,1
6,2,1,ῳ,long,1
6,2,2,καὶ,long,2
6,2,3,καμ,short,2
6,2,3,άτ,short,2
6,2,3,ῳ,long,3
6,2,4,ἀρ,long,3
6,2,4,ημ,long,4
6,2,4,έν,short,4
6,2,4,ος·,short,4
6,2,5,αὐτ,long,5
6,2,5,ὰρ,short,5
6,2,6,Ἀθ,short,5
6,2,6,ήν,long,6
6,2,6,η,long,6
6,3,1,βῆ,long,1
6,3,2,ῥ’ἐς,long,1
6,3,3,Φαι,long,2
6,3,3,ήκ,long,2
6,3,3,ων,long,3
6,3,4,ἀνδρ,long,3
6,3,4,ῶν,long,4
6,3,5,δῆμ,long,4
6,3,5,όν,long,5
6,3,6,τε,short,5
6,3,7,πόλ,short,5
6,3,7,ιν,long,6
6,3,8,"τε,",long,6
6,4,1,οἳ,long,1
6,4,2,πρὶν,long,1
6,4,3,μέν,long,2
6,4,4,ποτ’,short,2
6,4,5,ἔν,short,2
6,4,5,αι,long,3
6,4,5,ον,short,3
6,4,6,ἐν,short,3
6,4,7,εὐρ,long,4
6,4,7,υχ,short,4
6,4,7,όρ,short,4
6,4,7,ῳ,long,5
6,4,8,Ὑπ,short,5
6,4,8,ερ,short,5
6,4,8,εί,long,6
6,4,8,"ῃ,",long,6
6,5,1,ἀγχ,long,1
6,5,1,οῦ,long,1
6,5,2,Κυκλ,long,2
6,5,2,ώπ,long,2
6,5,2,ων,long,3
6,5,3,ἀνδρ,long,3
6,5,3,ῶν,long,4
6,5,4,ὑπ,short,4
6,5,4,ερ,short,4
6,5,4,ην,long,5
6,5,4,ορ,short,5
6,5,4,ε,short,5
6,5,4,όντ,long,6
6,5,4,"ων,",long,6
6,6,1,οἵ,long,1
6,6,2,σφεας,long,1
6,6,3,σιν,long,2
6,6,3,έσκ,long,2
6,6,3,οντ,long,3
6,6,3,"ο,",short,3
6,6,4,βί,short,3
6,6,4,ηφ,long,4
6,6,4,ι,short,4
6,6,5,δὲ,short,4
6,6,6,φέρτ,long,5
6,6,6,ερ,short,5
6,6,6,οι,short,5
6,6,7,ἦσ,long,6
6,6,7,αν.,long,6
6,7,1,ἔνθ,long,1
6,7,1,εν,short,1
6,7,2,ἀν,short,1
6,7,2,αστ,long,2
6,7,2,ήσ,long,2
6,7,2,ας,long,3
6,7,3,ἄγ,short,3
6,7,3,ε,short,3
6,7,4,Ναυσ,long,4
6,7,4,ίθ,short,4
6,7,4,ο,short,4
6,7,4,ος,long,5
6,7,5,θε,short,5
6,7,5,ο,short,5
6,7,5,ειδ,long,6
6,7,5,"ής,",long,6
6,8,1,εἷσ,long,1
6,8,1,εν,long,1
6,8,2,δὲ,long,2
6,8,3,Σχερ,short,2
6,8,3,ί,short,2
6,8,3,"ῃ,",long,3
6,8,4,ἑκ,short,3
6,8,4,ὰς,short,3
6,8,5,ἀνδρ,long,4
6,8,5,ῶν,long,4
6,8,6,ἀλφ,long,5
6,8,6,ηστ,long,5
6,8,6,ά,long,6
6,8,6,"ων,",long,6
6,9,1,ἀμφ,long,1
6,9,1,ὶ,short,1
6,9,2,δὲ,short,1
6,9,3,τεῖχ,long,2
6,9,3,ος,short,2
6,9,4,ἔλ,short,2
6,9,4,ασσ,long,3
6,9,4,ε,short,3
6,9,5,πόλ,short,3
6,9,5,"ει,",long,4
6,9,6,καὶ,short,4
6,9,7,ἐδ,short,4
6,9,7,είμ,long,5
6,9,7,ατ,short,5
6,9,7,ο,short,5
6,9,8,οἴκ,long,6
6,9,8,"ους,",long,6
6,10,1,καὶ,long,1
6,10,2,νη,long,1
6,10,2,οὺς,long,2
6,10,3,ποί,long,2
6,10,3,ησ,long,3
6,10,3,ε,short,3
6,10,4,θε,short,3
6,10,4,"ῶν,",long,4
6,10,5,καὶ,short,4
6,10,6,ἐδ,short,4
6,10,6,άσσ,long,5
6,10,6,ατ’,short,5
6,10,7,ἀρ,short,5
6,10,7,ούρ,long,6
6,10,7,ας.,long,6
6,11,1,ἀλλ’,long,1
6,11,2,ὁ,short,1
6,11,3,μὲν,short,1
6,11,4,ἤδ,long,2
6,11,4,η,long,2
6,11,5,κηρ,long,3
6,11,5,ὶ,short,3
6,11,6,δαμ,short,3
6,11,6,εὶς,long,4
6,11,7,Ἄ,short,4
6,11,7,ϊδ,short,4
6,11,7,όσδ,long,5
6,11,7,ε,short,5
6,11,8,βεβ,short,5
6,11,8,ήκ,long,6
6,11,8,"ει,",long,6
6,12,1,Ἀλκ,long,1
6,12,1,ίν,short,1
6,12,1,ο,short,1
6,12,1,ος,long,2
6,12,2,δὲ,short,2
6,12,3,τότ’,short,2
6,12,4,ἦρχ,long,3
6,12,4,"ε,",short,3
6,12,5,θε,short,3
6,12,5,ῶν,long,4
6,12,6,ἄπ,short,4
6,12,6,ο,short,4
6,12,7,μήδ,long,5
6,12,7,ε,short,5
6,12,7,α,short,5
6,12,8,εἰδ,long,6
6,12,8,ώς.,long,6
6,13,1,τοῦ,long,1
6,13,2,μὲν,short,1
6,13,3,ἔβ,short,1
6,13,3,η,long,2
6,13,4,πρὸς,long,2
6,13,5,δῶμ,long,3
6,13,5,α,short,3
6,13,6,θε,short,3
6,13,6,"ά,",long,4
6,13,7,γλαυκ,long,4
6,13,7,ῶπ,long,5
6,13,7,ις,short,5
6,13,8,Ἀθ,short,5
6,13,8,ήν,long,6
6,13,8,"η,",long,6
6,14,1,νόστ,long,1
6,14,1,ον,short,1
6,14,2,Ὀδ,short,1
6,14,2,υσσ,long,2
6,14,2,ῆ,long,2
6,14,2,ι,long,3
6,14,3,μεγ,short,3
6,14,3,αλ,short,3
6,14,3,ήτ,long,4
6,14,3,ορ,short,4
6,14,3,ι,short,4
6,14,4,μητ,long,5
6,14,4,ι,short,5
6,14,4,ό,short,5
6,14,4,ωσ,long,6
6,14,4,α.,long,6
6,15,1,βῆ,long,1
6,15,2,δ’ἴμ,short,1
6,15,2,εν,short,1
6,15,3,ἐς,long,2
6,15,4,θάλ,short,2
6,15,4,αμ,short,2
6,15,4,ον,long,3
6,15,5,πολ,short,3
6,15,5,υδ,short,3
6,15,5,αίδ,long,4
6,15,5,αλ,short,4
6,15,5,"ον,",short,4
6,15,6,ᾧ,long,5
6,15,7,ἔν,short,5
6,15,7,ι,short,5
6,15,8,κούρ,long,6
6,15,8,η,long,6
6,16,1,κοιμ,long,1
6,16,1,ᾶτ’,long,1
6,16,2,ἀθ,long,2
6,16,2,αν,short,2
6,16,2,άτ,short,2
6,16,2,ῃσ,long,3
6,16,2,ι,short,3
6,16,3,φυ,short,3
6,16,3,ὴν,long,4
6,16,4,καὶ,long,4
6,16,5,εἶδ,long,5
6,16,5,ος,short,5
6,16,6,ὁμ,short,5
6,16,6,οί,long,6
6,16,6,"η,",long,6
6,17,1,Ναυσ,long,1
6,17,1,ικ,short,1
6,17,1,ά,short,1
6,17,1,"α,",long,2
6,17,2,θυγ,short,2
6,17,2,άτ,short,2
6,17,2,ηρ,long,3
6,17,3,μεγ,short,3
6,17,3,αλ,short,3
6,17,3,ήτ,long,4
6,17,3,ορ,short,4
6,17,3,ος,short,4
6,17,4,Ἀλκ,long,5
6,17,4,ιν,short,5
6,17,4,ό,short,5
6,17,4,οι,long,6
6,17,4,"ο,",long,6
6,18,1,πὰρ,long,1
6,18,2,δὲ,short,1
6,18,3,δύ’,short,1
6,18,4,ἀμφ,long,2
6,18,4,ίπ,short,2
6,18,4,ολ,short,2
6,18,4,"οι,",long,3
6,18,5,Χαρ,short,3
6,18,5,ίτ,short,3
6,18,5,ων,long,4
6,18,6,ἄπ,short,4
6,18,6,ο,short,4
6,18,7,κάλλ,long,5
6,18,7,ος,short,5
6,18,8,ἔχ,short,5
6,18,8,ουσ,long,6
6,18,8,"αι,",long,6
6,19,1,σταθμ,long,1
6,19,1,οῖ,long,1
6,19,1,ιν,long,2
6,19,2,ἑκ,short,2
6,19,2,άτ,short,2
6,19,2,ερθ,long,3
6,19,2,ε·,short,3
6,19,3,θύρ,short,3
6,19,3,αι,long,4
6,19,4,δ’ἐπ,short,4
6,19,4,έκ,short,4
6,19,4,ειντ,long,5
6,19,4,ο,short,5
6,19,5,φα,short,5
6,19,5,ειν,long,6
6,19,5,αί.,long,6
6,20,1,ἡ,long,1
6,20,2,δ’ἀν,short,1
6,20,2,έμ,short,1
6,20,2,ου,long,2
6,20,3,ὡς,long,2
6,20,4,πνοι,long,3
6,20,4,ὴ,short,3
6,20,5,ἐπ,short,3
6,20,5,έσσ,long,4
6,20,5,υτ,short,4
6,20,5,ο,short,4
6,20,6,δέμν,long,5
6,20,6,ι,short,5
6,20,6,α,short,5
6,20,7,κούρ,long,6
6,20,7,"ης,",long,6
6,21,1,στῆ,long,1
6,21,2,δ’ἄρ’,short,1
6,21,3,ὑπ,short,1
6,21,3,ὲρ,long,2
6,21,4,κεφ,short,2
6,21,4,αλ,short,2
6,21,4,"ῆς,",long,3
6,21,5,καί,long,3
6,21,6,μιν,long,4
6,21,7,πρὸς,long,4
6,21,8,μῦθ,long,5
6,21,8,ον,short,5
6,21,9,ἔ,short,5
6,21,9,ειπ,long,6
6,21,9,"εν,",long,6
6,22,1,εἰδ,long,1
6,22,1,ομ,short,1
6,22,1,έν,short,1
6,22,1,η,long,2
6,22,2,κούρ,long,2
6,22,2,ῃ,long,3
6,22,3,ναυσ,long,3
6,22,3,ικλ,long,4
6,22,3,ειτ,long,4
6,22,3,οῖ,long,5
6,22,3,ο,short,5
6,22,4,Δύμ,short,5
6,22,4,αντ,long,6
6,22,4,"ος,",long,6
6,23,1,ἥ,long,1
6,23,2,οἱ,short,1
6,23,3,ὁμ,short,1
6,23,3,ηλ,long,2
6,23,3,ικ,short,2
6,23,3,ί,short,2
6,23,3,η,long,3
6,23,4,μὲν,short,3
6,23,5,ἔ,short,3
6,23,5,"ην,",long,4
6,23,6,κεχ,short,4
6,23,6,άρ,short,4
6,23,6,ιστ,long,5
6,23,6,ο,short,5
6,23,7,δὲ,short,5
6,23,8,θυμ,long,6
6,23,8,ῷ.,long,6
6,24,1,τῇ,long,1
6,24,2,μιν,short,1
6,24,3,ἐ,short,1
6,24,3,εισ,long,2
6,24,3,αμ,short,2
6,24,3,έν,short,2
6,24,3,η,long,3
6,24,4,προσ,short,3
6,24,4,έφ,short,3
6,24,4,η,long,4
6,24,5,γλαυκ,long,4
6,24,5,ῶπ,long,5
6,24,5,ις,short,5
6,24,6,Ἀθ,short,5
6,24,6,ήν,long,6
6,24,6,η·,long,6
6,25,1,Ναυσ,long,1
6,25,1,ικ,short,1
6,25,1,ά,short,1
6,25,1,"α,",long,2
6,25,2,τί,short,2
6,25,3,νύ,short,2
6,25,4,σ’ὧδ,long,3
6,25,4,ε,short,3
6,25,5,μεθ,short,3
6,25,5,ήμ,long,4
6,25,5,ον,short,4
6,25,5,α,short,4
6,25,6,γείν,long,5
6,25,6,ατ,short,5
6,25,6,ο,short,5
6,25,7,μήτ,long,6
6,25,7,ηρ;,long,6
6,26,1,εἵμ,long,1
6,26,1,ατ,short,1
6,26,1,α,short,1
6,26,2,μέν,long,2
6,26,3,τοι,long,2
6,26,4,κεῖτ,long,3
6,26,4,αι,short,3
6,26,5,ἀκ,short,3
6,26,5,ηδ,long,4
6,26,5,έ,short,4
6,26,5,α,short,4
6,26,6,σιγ,long,5
6,26,6,αλ,short,5
6,26,6,ό,short,5
6,26,6,εντ,long,6
6,26,6,"α,",long,6
6,27,1,σοὶ,long,1
6,27,2,δὲ,short,1
6,27,3,γάμ,short,1
6,27,3,ος,long,2
6,27,4,σχεδ,short,2
6,27,4,όν,short,2
6,27,5,ἐστ,long,3
6,27,5,"ιν,",short,3
6,27,6,ἵν,short,3
6,27,6,α,long,4
6,27,7,χρὴ,long,4
6,27,8,καλ,long,5
6,27,8,ὰ,short,5
6,27,9,μὲν,short,5
6,27,10,αὐτ,long,6
6,27,10,ὴν,long,6
6,28,1,ἕνν,long,1
6,28,1,υσθ,long,1
6,28,1,"αι,",long,2
6,28,2,τὰ,short,2
6,28,3,δὲ,short,2
6,28,4,τοῖσ,long,3
6,28,4,ι,short,3
6,28,5,παρ,short,3
6,28,5,ασχ,long,4
6,28,5,"εῖν,",long,4
6,28,6,οἵ,long,5
6,28,7,κέ,short,5
6,28,8,σ’ἄγ,short,5
6,28,8,ωντ,long,6
6,28,8,αι.,long,6
6,29,1,ἐκ,long,1
6,29,2,γάρ,long,1
6,29,3,τοι,long,2
6,29,4,τούτ,long,2
6,29,4,ων,long,3
6,29,5,φάτ,short,3
6,29,5,ις,short,3
6,29,6,ἀνθρ,long,4
6,29,6,ώπ,long,4
6,29,6,ους,long,5
6,29,7,ἀν,short,5
6,29,7,αβ,short,5
6,29,7,αίν,long,6
6,29,7,ει,long,6
6,30,1,ἐσθλ,long,1
6,30,1,"ή,",long,1
6,30,2,χαίρ,long,2
6,30,2,ουσ,long,2
6,30,2,ιν,long,3
6,30,3,δὲ,short,3
6,30,4,πατ,short,3
6,30,4,ὴρ,long,4
6,30,5,καὶ,long,4
6,30,6,πότν,long,5
6,30,6,ι,short,5
6,30,6,α,short,5
6,30,7,μήτ,long,6
6,30,7,ηρ.,long,6
6,31,1,ἀλλ’,long,1
6,31,2,ἴ,short,1
6,31,2,ομ,short,1
6,31,2,εν,long,2
6,31,3,πλυν,short,2
6,31,3,έ,short,2
6,31,3,ουσ,long,3
6,31,3,αι,short,3
6,31,4,ἅμ’,short,3
6,31,5,ἠ,long,4
6,31,5,οῖ,long,4
6,31,6,φαιν,long,5
6,31,6,ομ,short,5
6,31,6,έν,short,5
6,31,6,ηφ,long,6
6,31,6,ι·,long,6
6,32,1,καί,long,1
6,32,2,τοι,short,1
6,32,3,ἐγ,short,1
6,32,3,ὼ,long,2
6,32,4,συν,short,2
6,32,4,έρ,short,2
6,32,4,ιθ,long,3
6,32,4,ος,short,3
6,32,5,ἅμ’,short,3
6,32,6,ἕψ,long,4
6,32,6,ομ,short,4
6,32,6,"αι,",short,4
6,32,7,ὄφρ,long,5
6,32,7,α,short,5
6,32,8,τάχ,short,5
6,32,8,ιστ,long,6
6,32,8,α,long,6
6,33,1,ἐντ,long,1
6,33,1,ύν,short,1
6,33,1,ε,short,1
6,33,1,"αι,",long,2
6,33,2,ἐπ,short,2
6,33,2,εὶ,short,2
6,33,3,οὔ,long,3
6,33,4,τοι,short,3
6,33,5,ἔτ,short,3
6,33,5,ι,long,4
6,33,6,δὴν,long,4
6,33,7,παρθ,long,5
6,33,7,έν,short,5
6,33,7,ος,short,5
6,33,8,ἔσσ,long,6
6,33,8,εαι·,long,6
6,34,1,ἤδ,long,1
6,34,1,η,long,1
6,34,2,γάρ,long,2
6,34,3,σε,long,2
6,34,4,μνῶντ,long,3
6,34,4,αι,short,3
6,34,5,ἀρ,short,3
6,34,5,ιστ,long,4
6,34,5,ῆ,long,4
6,34,5,ες,long,5
6,34,6,κατ,short,5
6,34,6,ὰ,short,5
6,34,7,δῆμ,long,6
6,34,7,ον,long,6
6,35,1,πάντ,long,1
6,35,1,ων,long,1
6,35,2,Φαι,long,2
6,35,2,ήκ,long,2
6,35,2,"ων,",long,3
6,35,3,ὅθ,short,3
6,35,3,ι,short,3
6,35,4,τοι,long,4
6,35,5,γέν,short,4
6,35,5,ος,short,4
6,35,6,ἐστ,long,5
6,35,6,ὶ,short,5
6,35,7,καὶ,short,5
6,35,8,αὐτ,long,6
6,35,8,ῇ.,long,6
6,36,1,ἀλλ’,long,1
6,36,2,ἄγ’,short,1
6,36,3,ἐπ,short,1
6,36,3,ότρ,long,2
6,36,3,υν,long,2
6,36,3,ον,long,3
6,36,4,πατ,short,3
6,36,4,έρ,short,3
6,36,4,α,long,4
6,36,5,κλυτ,short,4
6,36,5,ὸν,short,4
6,36,6,ἠ,long,5
6,36,6,ῶθ,long,5
6,36,6,ι,long,6
6,36,7,πρὸ,long,6
6,37,1,ἡμ,long,1
6,37,1,ι,short,1
6,37,1,όν,short,1
6,37,1,ους,long,2
6,37,2,καὶ,short,2
6,37,3,ἄμ,short,2
6,37,3,αξ,long,3
6,37,3,αν,short,3
6,37,4,ἐφ,short,3
6,37,4,οπλ,long,4
6,37,4,ίσ,short,4
6,37,4,"αι,",short,4
6,37,5,ἥ,long,5
6,37,6,κεν,short,5
6,37,7,ἄγ,short,5
6,37,7,ῃσ,long,6
6,37,7,ι,long,6
6,38,1,ζῶστρ,long,1
6,38,1,ά,short,1
6,38,2,τε,short,1
6,38,3,καὶ,long,2
6,38,4,πέπλ,long,2
6,38,4,ους,long,3
6,38,5,καὶ,long,3
6,38,6,ῥήγ,long,4
6,38,6,ε,short,4
6,38,6,α,short,4
6,38,7,σιγ,long,5
6,38,7,αλ,short,5
6,38,7,ό,short,5
6,38,7,εντ,long,6
6,38,7,α.,long,6
6,39,1,καὶ,long,1
6,39,2,δὲ,short,1
6,39,3,σοὶ,short,1
6,39,4,ὧδ’,long,2
6,39,5,αὐτ,long,2
6,39,5,ῇ,long,3
6,39,6,πολ,short,3
6,39,6,ὺ,short,3
6,39,7,κάλλ,long,4
6,39,7,ι,short,4
6,39,7,ον,short,4
6,39,8,ἠ,long,5
6,39,8,ὲ,short,5
6,39,9,πόδ,short,5
6,39,9,εσσ,long,6
6,39,9,ιν,long,6
6,40,1,ἔρχ,long,1
6,40,1,εσθ,long,1
6,40,1,αι·,long,2
6,40,2,πολλ,long,2
6,40,2,ὸν,long,3
6,40,3,γὰρ,short,3
6,40,4,ἀπ,short,3
6,40,4,ὸ,long,4
6,40,5,πλυν,short,4
6,40,5,οί,short,4
6,40,6,εἰσ,long,5
6,40,6,ι,short,5
6,40,7,πόλ,short,5
6,40,7,η,long,6
6,40,7,ος.,long,6
6,41,1,ἡ,long,1
6,41,2,μὲν,short,1
6,41,3,ἄρ’,short,1
6,41,4,ὣς,long,2
6,41,5,εἰπ,long,2
6,41,5,οῦσ’,long,3
6,41,6,ἀπ,short,3
6,41,6,έβ,short,3
6,41,6,η,long,4
6,41,7,γλαυκ,long,4
6,41,7,ῶπ,long,5
6,41,7,ις,short,5
6,41,8,Ἀθ,short,5
6,41,8,ήν,long,6
6,41,8,η,long,6
6,42,1,Οὔλ,long,1
6,42,1,υμπ,long,1
6,42,1,"όνδ’,",long,2
6,42,2,ὅθ,short,2
6,42,2,ι,short,2
6,42,3,φασ,long,3
6,42,3,ὶ,short,3
6,42,4,θε,short,3
6,42,4,ῶν,long,4
6,42,5,ἕδ,short,4
6,42,5,ος,short,4
6,42,6,ἀσφ,long,5
6,42,6,αλ,short,5
6,42,6,ὲς,short,5
6,42,7,αἰ,long,6
6,42,7,εὶ,long,6
6,43,1,ἔμμ,long,1
6,43,1,εν,short,1
6,43,1,αι.,short,1
6,43,2,οὔτ’,long,2
6,43,3,ἀν,short,2
6,43,3,έμ,short,2
6,43,3,οισ,long,3
6,43,3,ι,short,3
6,43,4,τιν,short,3
6,43,4,άσσ,long,4
6,43,4,ετ,short,4
6,43,4,αι,short,4
6,43,5,οὔτ,long,5
6,43,5,ε,short,5
6,43,6,ποτ’,short,5
6,43,7,ὄμβρ,long,6
6,43,7,ῳ,long,6
6,44,1,δεύ,long,1
6,44,1,ετ,short,1
6,44,1,αι,short,1
6,44,2,οὔτ,long,2
6,44,2,ε,short,2
6,44,3,χι,short,2
6,44,3,ὼν,long,3
6,44,4,ἐπ,short,3
6,44,4,ιπ,short,3
6,44,4,ίλν,long,4
6,44,4,ατ,short,4
6,44,4,"αι,",short,4
6,44,5,ἀλλ,long,5
6,44,5,ὰ,short,5
6,44,6,μάλ’,short,5
6,44,7,αἴθρ,long,6
6,44,7,η,long,6
6,45,1,πέπτ,long,1
6,45,1,ατ,short,1
6,45,1,αι,short,1
6,45,2,ἀνν,long,2
6,45,2,έφ,short,2
6,45,2,ελ,short,2
6,45,2,"ος,",long,3
6,45,3,λευκ,long,3
6,45,3,ὴ,long,4
6,45,4,δ’ἐπ,short,4
6,45,4,ιδ,short,4
6,45,4,έδρ,long,5
6,45,4,ομ,short,5
6,45,4,εν,short,5
6,45,5,αἴγλ,long,6
6,45,5,η·,long,6
6,46,1,τῷ,long,1
6,46,2,ἔν,short,1
6,46,2,ι,short,1
6,46,3,τέρπ,long,2
6,46,3,οντ,long,2
6,46,3,αι,long,3
6,46,4,μάκ,short,3
6,46,4,αρ,short,3
6,46,4,ες,long,4
6,46,5,θε,short,4
6,46,5,οὶ,short,4
6,46,6,ἤμ,long,5
6,46,6,ατ,short,5
6,46,6,α,short,5
6,46,7,πάντ,long,6
6,46,7,α.,long,6
6,47,1,ἔνθ’,long,1
6,47,2,ἀπ,short,1
6,47,2,έβ,short,1
6,47,2,η,long,2
6,47,3,γλαυκ,long,2
6,47,3,ῶπ,long,3
6,47,3,"ις,",short,3
6,47,4,ἐπ,short,3
6,47,4,εὶ,long,4
6,47,5,δι,short,4
6,47,5,επ,short,4
6,47,5,έφρ,long,5
6,47,5,αδ,short,5
6,47,5,ε,short,5
6,47,6,κούρ,long,6
6,47,6,ῃ.,long,6
6,48,1,αὐτ,long,1
6,48,1,ίκ,short,1
6,48,1,α,short,1
6,48,2,δ’Ἠ,long,2
6,48,2,ὼς,long,2
6,48,3,ἦλθ,long,3
6,48,3,εν,short,3
6,48,4,ἐ,short,3
6,48,4,ύθρ,long,4
6,48,4,ον,short,4
6,48,4,"ος,",short,4
6,48,5,ἥ,long,5
6,48,6,μιν,short,5
6,48,7,ἔγ,short,5
6,48,7,ειρ,long,6
6,48,7,ε,long,6
6,49,1,Ναυσ,long,1
6,49,1,ικ,short,1
6,49,1,ά,short,1
6,49,1,αν,long,2
6,49,2,ἐ,short,2
6,49,2,ύπ,short,2
6,49,2,επλ,long,3
6,49,2,ον·,short,3
6,49,3,ἄφ,short,3
6,49,3,αρ,long,4
6,49,4,δ’ἀπ,short,4
6,49,4,εθ,short,4
6,49,4,αύμ,long,5
6,49,4,ασ’,short,5
6,49,5,ὄν,short,5
6,49,5,ειρ,long,6
6,49,5,"ον,",long,6
6,50,1,βῆ,long,1
6,50,2,δ’ἴμ,short,1
6,50,2,εν,short,1
6,50,2,αι,long,2
6,50,3,δι,short,2
6,50,3,ὰ,short,2
6,50,4,δώμ,long,3
6,50,4,"αθ’,",short,3
6,50,5,ἵν’,short,3
6,50,6,ἀγγ,long,4
6,50,6,είλ,long,4
6,50,6,ει,long,5
6,50,6,ε,short,5
6,50,7,τοκ,short,5
6,50,7,εῦσ,long,6
6,50,7,"ι,",long,6
6,51,1,πατρ,long,1
6,51,1,ὶ,short,1
6,51,2,φίλ,short,1
6,51,2,ῳ,long,2
6,51,3,καὶ,long,2
6,51,4,μητρ,long,3
6,51,4,ί·,short,3
6,51,5,κιχ,short,3
6,51,5,ήσ,long,4
6,51,5,ατ,short,4
6,51,5,ο,short,4
6,51,6,δ’ἔνδ,long,5
6,51,6,ον,short,5
6,51,7,ἐ,short,5
6,51,7,όντ,long,6
6,51,7,ας·,long,6
6,52,1,ἡ,long,1
6,52,2,μὲν,short,1
6,52,3,ἐπ’,short,1
6,52,4,ἐσχ,long,2
6,52,4,άρ,short,2
6,52,4,ῃ,short,2
6,52,5,ἧστ,long,3
6,52,5,ο,short,3
6,52,6,σὺν,short,3
6,52,7,ἀμφ,long,4
6,52,7,ιπ,short,4
6,52,7,όλ,short,4
6,52,7,οισ,long,5
6,52,7,ι,short,5
6,52,8,γυν,short,5
6,52,8,αιξ,long,6
6,52,8,ὶν,long,6
6,53,1,ἠλ,long,1
6,53,1,άκ,short,1
6,53,1,ατ,short,1
6,53,1,α,long,2
6,53,2,στρωφ,long,2
6,53,2,ῶσ’,long,3
6,53,3,ἁλ,short,3
6,53,3,ιπ,short,3
6,53,3,όρφ,long,4
6,53,3,υρ,short,4
6,53,3,α·,short,4
6,53,4,τῷ,long,5
6,53,5,δὲ,short,5
6,53,6,θύρ,short,5
6,53,6,αζ,long,6
6,53,6,ε,long,6
6,54,1,ἐρχ,long,1
6,54,1,ομ,short,1
6,54,1,έν,short,1
6,54,1,ῳ,long,2
6,54,2,ξύμβλ,long,2
6,54,2,ητ,long,3
6,54,2,ο,short,3
6,54,3,μετ,short,3
6,54,3,ὰ,long,4
6,54,4,κλειτ,long,4
6,54,4,οὺς,long,5
6,54,5,βασ,short,5
6,54,5,ιλ,short,5
6,54,5,ῆ,long,6
6,54,5,ας,long,6
6,55,1,ἐς,long,1
6,55,2,βουλ,long,1
6,55,2,"ήν,",long,2
6,55,3,ἵν,short,2
6,55,3,α,short,2
6,55,4,μιν,long,3
6,55,5,κάλ,short,3
6,55,5,ε,short,3
6,55,5,ον,long,4
6,55,6,Φαί,long,4
6,55,6,ηκ,long,5
6,55,6,ες,short,5
6,55,7,ἀγ,short,5
6,55,7,αυ,long,6
6,55,7,οί.,long,6
6,56,1,ἡ,long,1
6,56,2,δὲ,short,1
6,56,3,μάλ’,short,1
6,56,4,ἄγχ,long,2
6,56,4,ι,long,2
6,56,5,στᾶσ,long,3
6,56,5,α,short,3
6,56,6,φίλ,short,3
6,56,6,ον,long,4
6,56,7,πατ,short,4
6,56,7,έρ,short,4
6,56,7,α,long,5
6,56,8,προσ,short,5
6,56,8,έ,short,5
6,56,8,ειπ,long,6
6,56,8,ε·,long,6
6,57,1,πάππ,long,1
6,57,1,α,short,1
6,57,2,"φίλ’,",short,1
6,57,3,οὐκ,long,2
6,57,4,ἂν,long,2
6,57,5,δή,long,3
6,57,6,μοι,short,3
6,57,7,ἐφ,short,3
6,57,7,οπλ,long,4
6,57,7,ίσσ,long,4
6,57,7,ει,long,5
6,57,7,ας,short,5
6,57,8,ἀπ,short,5
6,57,8,ήν,long,6
6,57,8,ην,long,6
6,58,1,ὑψ,long,1
6,58,1,ηλ,long,1
6,58,1,ὴν,long,2
6,58,2,ἐ,short,2
6,58,2,ύκ,short,2
6,58,2,υκλ,long,3
6,58,2,"ον,",short,3
6,58,3,ἵν,short,3
6,58,3,α,long,4
6,58,4,κλυτ,short,4
6,58,4,ὰ,short,4
6,58,5,εἵμ,long,5
6,58,5,ατ’,short,5
6,58,6,ἄγ,short,5
6,58,6,ωμ,long,6
6,58,6,αι,long,6
6,59,1,ἐς,long,1
6,59,2,ποτ,short,1
6,59,2,αμ,short,1
6,59,2,ὸν,long,2
6,59,3,πλυν,short,2
6,59,3,έ,short,2
6,59,3,ουσ,long,3
6,59,3,"α,",short,3
6,59,4,τά,short,3
6,59,5,μοι,long,4
6,59,6,ῥερ,short,4
6,59,6,υπ,short,4
6,59,6,ωμ,long,5
6,59,6,έν,short,5
6,59,6,α,short,5
6,59,7,κεῖτ,long,6
6,59,7,αι;,long,6
6,60,1,καὶ,long,1
6,60,2,δὲ,short,1
6,60,3,σοὶ,short,1
6,60,4,αὐτ,long,2
6,60,4,ῷ,short,2
6,60,5,ἔ,short,2
6,60,5,οικ,long,3
6,60,5,ε,short,3
6,60,6,μετ,short,3
6,60,6,ὰ,long,4
6,60,7,πρώτ,long,4
6,60,7,οισ,long,5
6,60,7,ιν,short,5
6,60,8,ἐ,short,5
6,60,8,όντ,long,6
6,60,8,α.,long,6
6,61,1,βουλ,long,1
6,61,1,ὰς,long,1
6,61,2,βουλ,long,2
6,61,2,εύ,long,2
6,61,2,ειν,long,3
6,61,3,καθ,short,3
6,61,3,αρ,short,3
6,61,3,ὰ,long,4
6,61,4,χρο,short,4
6,61,4,ΐ,short,4
6,61,5,εἵμ,long,5
6,61,5,ατ’,short,5
6,61,6,ἔχ,short,5
6,61,6,οντ,long,6
6,61,6,α.,long,6
6,62,1,πέντ,long,1
6,62,1,ε,short,1
6,62,2,δέ,short,1
6,62,3,τοι,long,2
6,62,4,φίλ,short,2
6,62,4,οι,short,2
6,62,5,υἷ,long,3
6,62,5,ες,short,3
6,62,6,ἐν,short,3
6,62,6,ὶ,long,4
6,62,7,μεγ,short,4
6,62,7,άρ,short,4
6,62,7,οις,long,5
6,62,8,γεγ,short,5
6,62,8,ά,short,5
6,62,8,ασ,long,6
6,62,8,"ιν,",long,6
6,63,1,οἱ,long,1
6,63,2,δύ’,short,1
6,63,3,ὀπ,short,1
6,63,3,υί,long,2
6,63,3,οντ,long,2
6,63,3,"ες,",long,3
6,63,4,τρεῖς,long,3
6,63,5,δ’ἠ,long,4
6,63,5,ίθ,short,4
6,63,5,ε,short,4
6,63,5,οι,long,5
6,63,6,θαλ,short,5
6,63,6,έθ,short,5
6,63,6,οντ,long,6
6,63,6,ες·,long,6
6,64,1,οἱ,long,1
6,64,2,δ’αἰ,long,1
6,64,2,εὶ,long,2
6,64,3,ἐθ,short,2
6,64,3,έλ,short,2
6,64,3,ουσ,long,3
6,64,3,ι,short,3
6,64,4,νε,short,3
6,64,4,όπλ,long,4
6,64,4,υτ,short,4
6,64,4,α,short,4
6,64,5,εἵμ,long,5
6,64,5,ατ’,short,5
6,64,6,ἔχ,short,5
6,64,6,οντ,long,6
6,64,6,ες,long,6
6,65,1,ἐς,long,1
6,65,2,χορ,short,1
6,65,2,ὸν,short,1
6,65,3,ἔρχ,long,2
6,65,3,εσθ,long,2
6,65,3,αι·,long,3
6,65,4,τὰ,short,3
6,65,5,δ’ἐμ,short,3
6,65,5,ῇ,long,4
6,65,6,φρεν,short,4
6,65,6,ὶ,short,4
6,65,7,πάντ,long,5
6,65,7,α,short,5
6,65,8,μέμ,short,5
6,65,8,ηλ,long,6
6,65,8,εν.,long,6
6,66,1,ὣς,long,1
6,66,2,ἔφ,short,1
6,66,2,ατ’·,short,1
6,66,3,αἴδ,long,2
6,66,3,ετ,short,2
6,66,3,ο,short,2
6,66,4,γὰρ,long,3
6,66,5,θαλ,short,3
6,66,5,ερ,short,3
6,66,5,ὸν,long,4
6,66,6,γάμ,short,4
6,66,6,ον,short,4
6,66,7,ἐξ,long,5
6,66,7,ον,short,5
6,66,7,ομ,short,5
6,66,7,ῆν,long,6
6,66,7,αι,long,6
6,67,1,πατρ,long,1
6,67,1,ὶ,short,1
6,67,2,φίλ,short,1
6,67,2,ῳ.,long,2
6,67,3,ὁ,short,2
6,67,4,δὲ,short,2
6,67,5,πάντ,long,3
6,67,5,α,short,3
6,67,6,νό,short,3
6,67,6,ει,long,4
6,67,7,καὶ,short,4
6,67,8,ἀμ,short,4
6,67,8,είβ,long,5
6,67,8,ετ,short,5
6,67,8,ο,short,5
6,67,9,μύθ,long,6
6,67,9,ῳ·,long,6
6,68,1,οὔτ,long,1
6,68,1,ε,short,1
6,68,2,τοι,short,1
6,68,3,ἡμ,long,2
6,68,3,ι,short,2
6,68,3,όν,short,2
6,68,3,ων,long,3
6,68,4,φθον,short,3
6,68,4,έ,short,3
6,68,4,"ω,",long,4
6,68,5,τέκ,short,4
6,68,5,"ος,",short,4
6,68,6,οὔτ,long,5
6,68,6,ε,short,5
6,68,7,τευ,short,5
6,68,8,ἄλλ,long,6
6,68,8,ου.,long,6
6,69,1,ἔρχ,long,1
6,69,1,ευ·,short,1
6,69,2,ἀτ,short,1
6,69,2,άρ,long,2
6,69,3,τοι,long,2
6,69,4,δμῶ,long,3
6,69,4,ες,short,3
6,69,5,ἐφ,short,3
6,69,5,οπλ,long,4
6,69,5,ίσσ,long,4
6,69,5,ουσ,long,5
6,69,5,ιν,short,5
6,69,6,ἀπ,short,5
6,69,6,ήν,long,6
6,69,6,ην,long,6
6,70,1,ὑψ,long,1
6,70,1,ηλ,long,1
6,70,1,ὴν,long,2
6,70,2,ἐ,short,2
6,70,2,ύκ,short,2
6,70,2,υκλ,long,3
6,70,2,"ον,",short,3
6,70,3,ὑπ,short,3
6,70,3,ερτ,long,4
6,70,3,ερ,short,4
6,70,3,ί,short,4
6,70,3,ῃ,long,5
6,70,4,ἀρ,short,5
6,70,4,αρ,short,5
6,70,4,υῖ,long,6
6,70,4,αν.,long,6
6,71,1,ὣς,long,1
6,71,2,εἰπ,long,1
6,71,2,ὼν,long,2
6,71,3,δμώ,long,2
6,71,3,εσσ,long,3
6,71,3,ιν,short,3
6,71,4,ἐκ,short,3
6,71,4,έκλ,long,4
6,71,4,ετ,short,4
6,71,4,"ο,",short,4
6,71,5,τοὶ,long,5
6,71,6,δ’ἐπ,short,5
6,71,6,ίθ,short,5
6,71,6,οντ,long,6
6,71,6,ο.,long,6
6,72,1,οἱ,long,1
6,72,2,μὲν,short,1
6,72,3,ἄρ’,short,1
6,72,4,ἐκτ,long,2
6,72,4,ὸς,short,2
6,72,5,ἄμ,short,2
6,72,5,αξ,long,3
6,72,5,αν,short,3
6,72,6,ἐ,short,3
6,72,6,ύτρ,long,4
6,72,6,οχ,short,4
6,72,6,ον,short,4
6,72,7,ἡμ,long,5
6,72,7,ι,short,5
6,72,7,ον,short,5
6,72,7,εί,long,6
6,72,7,ην,long,6
6,73,1,ὅπλ,long,1
6,73,1,ε,short,1
6,73,1,"ον,",short,1
6,73,2,ἡμ,long,2
6,73,2,ι,short,2
6,73,2,όν,short,2
6,73,2,ους,long,3
6,73,3,θ’ὕπ,short,3
6,73,3,αγ,short,3
6,73,3,ον,long,4
6,73,4,ζεῦξ,long,4
6,73,4,άν,long,5
6,73,5,θ’ὑπ’,short,5
6,73,6,ἀπ,short,5
6,73,6,ήν,long,6
6,73,6,ῃ·,long,6
6,74,1,κούρ,long,1
6,74,1,η,long,1
6,74,2,δ’ἐκ,long,2
6,74,3,θαλ,short,2
6,74,3,άμ,short,2
6,74,3,οι,long,3
6,74,3,ο,short,3
6,74,4,φέρ,short,3
6,74,4,εν,long,4
6,74,5,ἐσθ,long,4
6,74,5,ῆτ,long,5
6,74,5,α,short,5
6,74,6,φα,short,5
6,74,6,ειν,long,6
6,74,6,ήν.,long,6
6,75,1,καὶ,long,1
6,75,2,τὴν,long,1
6,75,3,μὲν,long,2
6,75,4,κατ,short,2
6,75,4,έθ,short,2
6,75,4,ηκ,long,3
6,75,4,εν,short,3
6,75,5,ἐ,short,3
6,75,5,υξ,long,4
6,75,5,έστ,long,4
6,75,5,ῳ,long,5
6,75,6,ἐπ’,short,5
6,75,7,ἀπ,short,5
6,75,7,ήν,long,6
6,75,7,"ῃ,",long,6
6,76,1,μήτ,long,1
6,76,1,ηρ,long,1
6,76,2,δ’ἐν,long,2
6,76,3,κίστ,long,2
6,76,3,ῃ,long,3
6,76,4,ἐτ,short,3
6,76,4,ίθ,short,3
6,76,4,ει,long,4
6,76,5,μεν,short,4
6,76,5,ο,short,4
6,76,5,εικ,long,5
6,76,5,έ’,short,5
6,76,6,ἐδ,short,5
6,76,6,ωδ,long,6
6,76,6,ὴν,long,6
6,77,1,παντ,long,1
6,77,1,οί,long,1
6,77,1,"ην,",long,2
6,77,2,ἐν,long,2
6,77,3,δ’ὄψ,long,3
6,77,3,α,short,3
6,77,4,τίθ,short,3
6,77,4,"ει,",long,4
6,77,5,ἐν,long,4
6,77,6,δ’οἶν,long,5
6,77,6,ον,short,5
6,77,7,ἔχ,short,5
6,77,7,ευ,long,6
6,77,7,εν,long,6
6,78,1,ἀσκ,long,1
6,78,1,ῷ,short,1
6,78,2,ἐν,short,1
6,78,3,αἰγ,long,2
6,78,3,εί,long,2
6,78,3,ῳ·,long,3
6,78,4,κούρ,long,3
6,78,4,η,long,4
6,78,5,δ’ἐπ,short,4
6,78,5,εβ,short,4
6,78,5,ήσ,long,5
6,78,5,ετ’,short,5
6,78,6,ἀπ,short,5
6,78,6,ήν,long,6
6,78,6,ης.,long,6
6,79,1,δῶκ,long,1
6,79,1,εν,long,1
6,79,2,δὲ,long,2
6,79,3,χρυσ,short,2
6,79,3,έ,short,2
6,79,3,ῃ,long,3
6,79,4,ἐν,long,3
6,79,5,ληκ,long,4
6,79,5,ύθ,short,4
6,79,5,ῳ,short,4
6,79,6,ὑγρ,long,5
6,79,6,ὸν,short,5
6,79,7,ἔλ,short,5
6,79,7,αι,long,6
6,79,7,"ον,",long,6
6,80,1,εἵ,long,1
6,80,1,ως,long,1
6,80,2,χυτλ,long,2
6,80,2,ώσ,long,2
6,80,2,αιτ,long,3
6,80,2,ο,short,3
6,80,3,σὺν,short,3
6,80,4,ἀμφ,long,4
6,80,4,ιπ,short,4
6,80,4,όλ,short,4
6,80,4,οισ,long,5
6,80,4,ι,short,5
6,80,5,γυν,short,5
6,80,5,αιξ,long,6
6,80,5,ίν.,long,6
6,81,1,ἡ,long,1
6,81,2,δ’ἔλ,short,1
6,81,2,αβ,short,1
6,81,2,εν,long,2
6,81,3,μάστ,long,2
6,81,3,ιγ,long,3
6,81,3,α,short,3
6,81,4,καὶ,short,3
6,81,5,ἡν,long,4
6,81,5,ί,short,4
6,81,5,α,short,4
6,81,6,σιγ,long,5
6,81,6,αλ,short,5
6,81,6,ό,short,5
6,81,6,εντ,long,6
6,81,6,"α,",long,6
6,82,1,μάστ,long,1
6,82,1,ιξ,long,1
6,82,1,εν,long,2
6,82,2,δ’ἐλ,short,2
6,82,2,ά,short,2
6,82,2,αν·,long,3
6,82,3,καν,short,3
6,82,3,αχ,short,3
6,82,3,ὴ,long,4
6,82,4,δ’ἦν,long,4
6,82,5,ἡμ,long,5
6,82,5,ι,short,5
6,82,5,όν,short,5
6,82,5,οι,long,6
6,82,5,ιν.,long,6
6,83,1,αἱ,long,1
6,83,2,δ’ἄμ,short,1
6,83,2,οτ,short,1
6,83,2,ον,long,2
6,83,3,ταν,short,2
6,83,3,ύ,short,2
6,83,3,οντ,long,3
6,83,3,"ο,",short,3
6,83,4,φέρ,short,3
6,83,4,ον,long,4
6,83,5,δ’ἐσθ,long,4
6,83,5,ῆτ,long,5
6,83,5,α,short,5
6,83,6,καὶ,short,5
6,83,7,αὐτ,long,6
6,83,7,"ήν,",long,6
6,84,1,οὐκ,long,1
6,84,2,οἴ,long,1
6,84,2,"ην,",long,2
6,84,3,ἅμ,short,2
6,84,3,α,short,2
6,84,4,τῇ,long,3
6,84,5,γε,short,3
6,84,6,καὶ,short,3
6,84,7,ἀμφ,long,4
6,84,7,ίπ,short,4
6,84,7,ολ,short,4
6,84,7,οι,long,5
6,84,8,κί,short,5
6,84,8,ον,short,5
6,84,9,ἄλλ,long,6
6,84,9,αι.,long,6
6,85,1,αἱ,long,1
6,85,2,δ’ὅτ,short,1
6,85,2,ε,short,1
6,85,3,δὴ,long,2
6,85,4,ποτ,short,2
6,85,4,αμ,short,2
6,85,4,οῖ,long,3
6,85,4,ο,short,3
6,85,5,ῥό,short,3
6,85,5,ον,long,4
6,85,6,περ,short,4
6,85,6,ικ,short,4
6,85,6,αλλ,long,5
6,85,6,έ’,short,5
6,85,7,ἵκ,short,5
6,85,7,οντ,long,6
6,85,7,"ο,",long,6
6,86,1,ἔνθ’,long,1
6,86,2,ἤτ,long,1
6,86,2,οι,long,2
6,86,3,πλυν,short,2
6,86,3,οὶ,short,2
6,86,4,ἦσ,long,3
6,86,4,αν,short,3
6,86,5,ἐπ,short,3
6,86,5,η,long,4
6,86,5,ετ,short,4
6,86,5,αν,short,4
6,86,5,"οί,",long,5
6,86,6,πολ,short,5
6,86,6,ὺ,short,5
6,86,7,δ’ὕδ,long,6
6,86,7,ωρ,long,6
6,87,1,καλ,long,1
6,87,1,ὸν,short,1
6,87,2,ὑπ,short,1
6,87,2,εκπρ,long,2
6,87,2,όρ,short,2
6,87,2,ε,short,2
6,87,2,ει,long,3
6,87,3,μάλ,short,3
6,87,3,α,short,3
6,87,4,περ,long,4
6,87,5,ῥυπ,short,4
6,87,5,ό,short,4
6,87,5,ωντ,long,5
6,87,5,α,short,5
6,87,6,καθ,short,5
6,87,6,ῆρ,long,6
6,87,6,"αι,",long,6
6,88,1,ἔνθ’,long,1
6,88,2,αἵ,long,1
6,88,3,γ’ἡμ,long,2
6,88,3,ι,short,2
6,88,3,όν,short,2
6,88,3,ους,long,3
6,88,4,μὲν,short,3
6,88,5,ὑπ,short,3
6,88,5,εκπρ,long,4
6,88,5,ο,short,4
6,88,5,έλ,short,4
6,88,5,υσ,long,5
6,88,5,αν,short,5
6,88,6,ἀπ,short,5
6,88,6,ήν,long,6
6,88,6,ης.,long,6
6,89,1,καὶ,long,1
6,89,2,τὰς,long,1
6,89,3,μὲν,long,2
6,89,4,σεῦ,long,2
6,89,4,αν,long,3
6,89,5,ποτ,short,3
6,89,5,αμ,short,3
6,89,5,ὸν,long,4
6,89,6,πάρ,short,4
6,89,6,α,short,4
6,89,7,διν,long,5
6,89,7,ή,long,5
6,89,7,εντ,long,6
6,89,7,α,long,6
6,90,1,τρώγ,long,1
6,90,1,ειν,long,1
6,90,2,ἄγρ,long,2
6,90,2,ωστ,long,2
6,90,2,ιν,long,3
6,90,3,μελ,short,3
6,90,3,ι,short,3
6,90,3,ηδ,long,4
6,90,3,έ,short,4
6,90,3,α·,short,4
6,90,4,ταὶ,long,5
6,90,5,δ’ἀπ’,short,5
6,90,6,ἀπ,short,5
6,90,6,ήν,long,6
6,90,6,ης,long,6
6,91,1,εἵμ,long,1
6,91,1,ατ,short,1
6,91,1,α,short,1
6,91,2,χερσ,long,2
6,91,2,ὶν,short,2
6,91,3,ἕλ,short,2
6,91,3,οντ,long,3
6,91,3,ο,short,3
6,91,4,καὶ,short,3
6,91,5,ἐσφ,long,4
6,91,5,όρ,short,4
6,91,5,ε,short,4
6,91,5,ον,long,5
6,91,6,μέλ,short,5
6,91,6,αν,short,5
6,91,7,ὕδ,long,6
6,91,7,"ωρ,",long,6
6,92,1,στεῖβ,long,1
6,92,1,ον,long,1
6,92,2,δ’ἐν,long,2
6,92,3,βόθρ,long,2
6,92,3,οισ,long,3
6,92,3,ι,short,3
6,92,4,θο,short,3
6,92,4,ῶς,long,4
6,92,5,ἔρ,short,4
6,92,5,ιδ,short,4
6,92,5,α,long,5
6,92,6,προφ,short,5
6,92,6,έρ,short,5
6,92,6,ουσ,long,6
6,92,6,αι.,long,6
6,93,1,αὐτ,long,1
6,93,1,ὰρ,short,1
6,93,2,ἐπ,short,1
6,93,2,εὶ,long,2
6,93,3,πλῦν,long,2
6,93,3,άν,long,3
6,93,4,τε,short,3
6,93,5,κάθ,short,3
6,93,5,ηρ,long,4
6,93,5,άν,long,4
6,93,6,τε,long,5
6,93,7,ῥύπ,short,5
6,93,7,α,short,5
6,93,8,πάντ,long,6
6,93,8,"α,",long,6
6,94,1,ἑξ,long,1
6,94,1,εί,long,1
6,94,1,ης,long,2
6,94,2,πέτ,short,2
6,94,2,ασ,short,2
6,94,2,αν,long,3
6,94,3,παρ,short,3
6,94,3,ὰ,short,3
6,94,4,θῖν’,long,4
6,94,5,ἁλ,short,4
6,94,5,"ός,",short,4
6,94,6,ἧχ,long,5
6,94,6,ι,short,5
6,94,7,μάλ,short,5
6,94,7,ιστ,long,6
6,94,7,α,long,6
6,95,1,λά,long,1
6,95,1,ιγγ,long,1
6,95,1,ας,long,2
6,95,2,ποτ,short,2
6,95,2,ὶ,short,2
6,95,3,χέρσ,long,3
6,95,3,ον,short,3
6,95,4,ἀπ,short,3
6,95,4,οπτ,long,4
6,95,4,ύ,long,4
6,95,4,εσκ,long,5
6,95,4,ε,short,5
6,95,5,θάλ,short,5
6,95,5,ασσ,long,6
6,95,5,α.,long,6
6,96,1,αἱ,long,1
6,96,2,δὲ,short,1
6,96,3,λο,short,1
6,96,3,εσσ,long,2
6,96,3,άμ,short,2
6,96,3,εν,short,2
6,96,3,αι,long,3
6,96,4,καὶ,long,3
6,96,5,χρισ,long,4
6,96,5,άμ,short,4
6,96,5,εν,short,4
6,96,5,αι,long,5
6,96,6,λίπ’,short,5
6,96,7,ἐλ,short,5
6,96,7,αί,long,6
6,96,7,ῳ,long,6
6,97,1,δεῖπν,long,1
6,97,1,ον,short,1
6,97,2,ἔπ,short,1
6,97,2,ειθ’,long,2
6,97,3,εἵλ,long,2
6,97,3,οντ,long,3
6,97,3,ο,short,3
6,97,4,παρ’,short,3
6,97,5,ὄχθ,long,4
6,97,5,ῃσ,long,4
6,97,5,ιν,long,5
6,97,6,ποτ,short,5
6,97,6,αμ,short,5
6,97,6,οῖ,long,6
6,97,6,"ο,",long,6
6,98,1,εἵμ,long,1
6,98,1,ατ,short,1
6,98,1,α,short,1
6,98,2,δ’ἠ,long,2
6,98,2,ελ,short,2
6,98,2,ί,short,2
6,98,2,οι,long,3
6,98,2,ο,short,3
6,98,3,μέν,short,3
6,98,3,ον,long,4
6,98,4,τερσ,long,4
6,98,4,ήμ,long,5
6,98,4,εν,short,5
6,98,4,αι,short,5
6,98,5,αὐγ,long,6
6,98,5,ῇ.,long,6
6,99,1,αὐτ,long,1
6,99,1,ὰρ,short,1
6,99,2,ἐπ,short,1
6,99,2,εὶ,long,2
6,99,3,σίτ,long,2
6,99,3,ου,long,3
6,99,4,τάρφθ,long,3
6,99,4,εν,long,4
6,99,5,δμῳ,long,4
6,99,5,αί,long,5
6,99,6,τε,short,5
6,99,7,καὶ,short,5
6,99,8,αὐτ,long,6
6,99,8,"ή,",long,6
6,100,1,σφαίρ,long,1
6,100,1,ῃ,long,1
6,100,2,ταὶ,long,2
6,100,3,δ’ἄρ’,short,2
6,100,4,ἔπ,short,2
6,100,4,αιζ,long,3
6,100,4,"ον,",short,3
6,100,5,ἀπ,short,3
6,100,5,ὸ,long,4
6,100,6,κρήδ,long,4
6,100,6,εμν,long,5
6,100,6,α,short,5
6,100,7,βαλ,short,5
6,100,7,οῦσ,long,6
6,100,7,αι·,long,6
6,101,1,τῇσ,long,1
6,101,1,ι,short,1
6,101,2,δὲ,short,1
6,101,3,Ναυσ,long,2
6,101,3,ικ,short,2
6,101,3,ά,short,2
6,101,3,α,long,3
6,101,4,λευκ,long,3
6,101,4,ώλ,long,4
6,101,4,εν,short,4
6,101,4,ος,short,4
6,101,5,ἤρχ,long,5
6,101,5,ετ,short,5
6,101,5,ο,short,5
6,101,6,μολπ,long,6
6,101,6,ῆς.,long,6
6,102,1,οἵ,long,1
6,102,1,η,long,1
6,102,2,δ’Ἄρτ,long,2
6,102,2,εμ,short,2
6,102,2,ις,short,2
6,102,3,εἶσ,long,3
6,102,3,ι,short,3
6,102,4,κατ’,short,3
6,102,5,οὔρ,long,4
6,102,5,ε,short,4
6,102,5,ος,short,4
6,102,6,ἰ,long,5
6,102,6,οχ,short,5
6,102,6,έ,short,5
6,102,6,αιρ,long,6
6,102,6,"α,",long,6
6,103,1,ἢ,long,1
6,103,2,κατ,short,1
6,103,2,ὰ,short,1
6,103,3,Τη,long,2
6,103,3,ΰγ,short,2
6,103,3,ετ,short,2
6,103,3,ον,long,3
6,103,4,περ,short,3
6,103,4,ιμ,short,3
6,103,4,ήκ,long,4
6,103,4,ετ,short,4
6,103,4,ον,short,4
6,103,5,ἢ,long,5
6,103,6,Ἐρ,short,5
6,103,6,ύμ,short,5
6,103,6,ανθ,long,6
6,103,6,"ον,",long,6
6,104,1,τερπ,long,1
6,104,1,ομ,short,1
6,104,1,έν,short,1
6,104,1,η,long,2
6,104,2,κάπρ,long,2
6,104,2,οισ,long,3
6,104,2,ι,short,3
6,104,3,καὶ,short,3
6,104,4,ὠκ,long,4
6,104,4,εί,long,4
6,104,4,ῃς,long,5
6,104,5,ἐλ,short,5
6,104,5,άφ,short,5
6,104,5,οισ,long,6
6,104,5,ι·,long,6
6,105,1,τῇ,long,1
6,105,2,δέ,short,1
6,105,3,θ’ἅμ,short,1
6,105,3,α,long,2
6,105,4,νύμφ,long,2
6,105,4,"αι,",long,3
6,105,5,κοῦρ,long,3
6,105,5,αι,long,4
6,105,6,Δι,short,4
6,105,6,ὸς,short,4
6,105,7,αἰγ,long,5
6,105,7,ι,short,5
6,105,7,όχ,short,5
6,105,7,οι,long,6
6,105,7,"ο,",long,6
6,106,1,ἀγρ,long,1
6,106,1,ον,short,1
6,106,1,όμ,short,1
6,106,1,οι,long,2
6,106,2,παίζ,long,2
6,106,2,ουσ,long,3
6,106,2,"ι,",short,3
6,106,3,γέγ,short,3
6,106,3,ηθ,long,4
6,106,3,ε,short,4
6,106,4,δέ,short,4
6,106,5,τε,long,5
6,106,6,φρέν,short,5
6,106,6,α,short,5
6,106,7,Λητ,long,6
6,106,7,ώ·,long,6
6,107,1,πασ,long,1
6,107,1,ά,long,1
6,107,1,ων,long,2
6,107,2,δ’ὑπ,short,2
6,107,2,ὲρ,short,2
6,107,3,ἥ,long,3
6,107,4,γε,short,3
6,107,5,κάρ,short,3
6,107,5,η,long,4
6,107,6,ἔχ,short,4
6,107,6,ει,short,4
6,107,7,ἠδ,long,5
6,107,7,ὲ,short,5
6,107,8,μέτ,short,5
6,107,8,ωπ,long,6
6,107,8,"α,",long,6
6,108,1,ῥεῖ,long,1
6,108,1,ά,short,1
6,108,2,δ’ἀρ,short,1
6,108,2,ιγν,long,2
6,108,2,ώτ,long,2
6,108,2,η,long,3
6,108,3,πέλ,short,3
6,108,3,ετ,short,3
6,108,3,"αι,",long,4
6,108,4,καλ,long,4
6,108,4,αὶ,long,5
6,108,5,δέ,short,5
6,108,6,τε,short,5
6,108,7,πᾶσ,long,6
6,108,7,αι·,long,6
6,109,1,ὣς,long,1
6,109,2,ἥ,long,1
6,109,3,γ’ἀμφ,long,2
6,109,3,ιπ,short,2
6,109,3,όλ,short,2
6,109,3,οισ,long,3
6,109,3,ι,short,3
6,109,4,μετ,short,3
6,109,4,έπρ,long,4
6,109,4,επ,short,4
6,109,4,ε,short,4
6,109,5,παρθ,long,5
6,109,5,έν,short,5
6,109,5,ος,short,5
6,109,6,ἀδμ,long,6
6,109,6,ής.,long,6
6,110,1,ἀλλ’,long,1
6,110,2,ὅτ,short,1
6,110,2,ε,short,1
6,110,3,δὴ,long,2
6,110,4,ἄρ’,short,2
6,110,5,ἔμ,short,2
6,110,5,ελλ,long,3
6,110,5,ε,short,3
6,110,6,πάλ,short,3
6,110,6,ιν,long,4
6,110,7,οἶκ,long,4
6,110,7,όνδ,long,5
6,110,7,ε,short,5
6,110,8,νέ,short,5
6,110,8,εσθ,long,6
6,110,8,αι,long,6
6,111,1,ζεύξ,long,1
6,111,1,ασ’,long,1
6,111,2,ἡμ,long,2
6,111,2,ι,short,2
6,111,2,όν,short,2
6,111,2,ους,long,3
6,111,3,πτύξ,long,3
6,111,3,ασ,long,4
6,111,3,ά,short,4
6,111,4,τε,short,4
6,111,5,εἵμ,long,5
6,111,5,ατ,short,5
6,111,5,α,short,5
6,111,6,καλ,long,6
6,111,6,"ά,",long,6
6,112,1,ἔνθ’,long,1
6,112,2,αὖτ’,long,1
6,112,3,ἄλλ’,long,2
6,112,4,ἐν,short,2
6,112,4,ό,short,2
6,112,4,ησ,long,3
6,112,4,ε,short,3
6,112,5,θε,short,3
6,112,5,"ά,",long,4
6,112,6,γλαυκ,long,4
6,112,6,ῶπ,long,5
6,112,6,ις,short,5
6,112,7,Ἀθ,short,5
6,112,7,ήν,long,6
6,112,7,"η,",long,6
6,113,1,ὡς,long,1
6,113,2,Ὀδ,short,1
6,113,2,υσ,short,1
6,113,2,εὺς,long,2
6,113,3,ἔγρ,long,2
6,113,3,οιτ,long,3
6,113,3,"ο,",short,3
6,113,4,ἴδ,short,3
6,113,4,οι,long,4
6,113,5,τ’ἐ,short,4
6,113,5,υ,short,4
6,113,5,ώπ,long,5
6,113,5,ιδ,short,5
6,113,5,α,short,5
6,113,6,κούρ,long,6
6,113,6,"ην,",long,6
6,114,1,ἥ,long,1
6,114,2,οἱ,long,1
6,114,3,Φαι,long,2
6,114,3,ήκ,long,2
6,114,3,ων,long,3
6,114,4,ἀνδρ,long,3
6,114,4,ῶν,long,4
6,114,5,πόλ,short,4
6,114,5,ιν,short,4
6,114,6,ἡγ,long,5
6,114,6,ήσ,long,5
6,114,6,αιτ,long,6
6,114,6,ο.,long,6
6,115,1,σφαῖρ,long,1
6,115,1,αν,short,1
6,115,2,ἔπ,short,1
6,115,2,ειτ’,long,2
6,115,3,ἔρρ,long,2
6,115,3,ιψ,long,3
6,115,3,ε,short,3
6,115,4,μετ’,short,3
6,115,5,ἀμφ,long,4
6,115,5,ίπ,short,4
6,115,5,ολ,short,4
6,115,5,ον,long,5
6,115,6,βασ,short,5
6,115,6,ίλ,short,5
6,115,6,ει,long,6
6,115,6,α·,long,6
6,116,1,ἀμφ,long,1
6,116,1,ιπ,short,1
6,116,1,όλ,short,1
6,116,1,ου,long,2
6,116,2,μὲν,short,2
6,116,3,ἅμ,short,2
6,116,3,αρτ,long,3
6,116,3,"ε,",short,3
6,116,4,βαθ,short,3
6,116,4,εί,long,4
6,116,4,ῃ,long,4
6,116,5,δ’ἔμβ,long,5
6,116,5,αλ,short,5
6,116,5,ε,short,5
6,116,6,δίν,long,6
6,116,6,ῃ·,long,6
6,117,1,αἱ,long,1
6,117,2,δ’ἐπ,short,1
6,117,2,ὶ,short,1
6,117,3,μακρ,long,2
6,117,3,ὸν,short,2
6,117,4,ἄ,short,2
6,117,4,υσ,long,3
6,117,4,αν·,short,3
6,117,5,ὁ,short,3
6,117,6,δ’ἔγρ,long,4
6,117,6,ετ,short,4
6,117,6,ο,short,4
6,117,7,δῖ,long,5
6,117,7,ος,short,5
6,117,8,Ὀδ,short,5
6,117,8,υσσ,long,6
6,117,8,"εύς,",long,6
6,118,1,ἑζ,long,1
6,118,1,όμ,short,1
6,118,1,εν,short,1
6,118,1,ος,long,2
6,118,2,δ’ὥρμ,long,2
6,118,2,αιν,long,3
6,118,2,ε,short,3
6,118,3,κατ,short,3
6,118,3,ὰ,long,4
6,118,4,φρέν,short,4
6,118,4,α,short,4
6,118,5,καὶ,long,5
6,118,6,κατ,short,5
6,118,6,ὰ,short,5
6,118,7,θυμ,long,6
6,118,7,όν·,long,6
6,119,1,ὤ,long,1
6,119,2,μοι,short,1
6,119,3,ἐγ,short,1
6,119,3,"ώ,",long,2
6,119,4,τέων,long,2
6,119,5,αὖτ,long,3
6,119,5,ε,short,3
6,119,6,βροτ,short,3
6,119,6,ῶν,long,4
6,119,7,ἐς,long,4
6,119,8,γαῖ,long,5
6,119,8,αν,short,5
6,119,9,ἱκ,short,5
6,119,9,άν,long,6
6,119,9,ω;,long,6
6,120,1,ἦ,long,1
6,120,2,ῥ’οἵ,long,1
6,120,3,γ’ὑβρ,long,2
6,120,3,ιστ,long,2
6,120,3,αί,long,3
6,120,4,τε,short,3
6,120,5,καὶ,short,3
6,120,6,ἄγρ,long,4
6,120,6,ι,short,4
6,120,6,οι,short,4
6,120,7,οὐδ,long,5
6,120,7,ὲ,short,5
6,120,8,δίκ,short,5
6,120,8,αι,long,6
6,120,8,"οι,",long,6
6,121,1,ἦ,long,1
6,121,1,ε,short,1
6,121,2,φιλ,short,1
6,121,2,όξ,long,2
6,121,2,ειν,long,2
6,121,2,οι,long,3
6,121,3,καί,long,3
6,121,4,σφιν,long,4
6,121,5,νό,short,4
6,121,5,ος,short,4
6,121,6,ἐστ,long,5
6,121,6,ὶ,short,5
6,121,7,θε,short,5
6,121,7,ουδ,long,6
6,121,7,ής;,long,6
6,122,1,ὥς,long,1
6,122,2,τέ,short,1
6,122,3,με,short,1
6,122,4,κουρ,long,2
6,122,4,ά,long,2
6,122,4,ων,long,3
6,122,5,ἀμφ,long,3
6,122,5,ήλ,long,4
6,122,5,υθ,short,4
6,122,5,ε,short,4
6,122,6,θῆλ,long,5
6,122,6,υς,short,5
6,122,7,ἀ,short,5
6,122,7,υτ,long,6
6,122,7,ή·,long,6
6,123,1,νυμφ,long,1
6,123,1,ά,long,1
6,123,1,"ων,",long,2
6,123,2,αἳ,short,2
6,123,3,ἔχ,short,2
6,123,3,ουσ’,long,3
6,123,4,ὀρ,short,3
6,123,4,έ,short,3
6,123,4,ων,long,4
6,123,5,αἰπ,long,4
6,123,5,ειν,long,5
6,123,5,ὰ,short,5
6,123,6,κάρ,short,5
6,123,6,ην,long,6
6,123,6,α,long,6
6,124,1,καὶ,long,1
6,124,2,πηγ,long,1
6,124,2,ὰς,long,2
6,124,3,ποτ,short,2
6,124,3,αμ,short,2
6,124,3,ῶν,long,3
6,124,4,καὶ,long,3
6,124,5,πίσ,long,4
6,124,5,ε,short,4
6,124,5,α,short,4
6,124,6,ποι,long,5
6,124,6,ή,long,5
6,124,6,εντ,long,6
6,124,6,α.,long,6
6,125,1,ἦ,long,1
6,125,2,νύ,short,1
6,125,3,που,short,1
6,125,4,ἀνθρ,long,2
6,125,4,ώπ,long,2
6,125,4,ων,long,3
6,125,5,εἰμ,long,3
6,125,5,ὶ,long,4
6,125,6,σχεδ,short,4
6,125,6,ὸν,short,4
6,125,7,αὐδ,long,5
6,125,7,η,long,5
6,125,7,έντ,long,6
6,125,7,ων;,long,6
6,126,1,ἀλλ’,long,1
6,126,2,ἄγ’,short,1
6,126,3,ἐγ,short,1
6,126,3,ὼν,long,2
6,126,4,αὐτ,long,2
6,126,4,ὸς,long,3
6,126,5,πειρ,long,3
6,126,5,ήσ,long,4
6,126,5,ομ,short,4
6,126,5,αι,short,4
6,126,6,ἠδ,long,5
6,126,6,ὲ,short,5
6,126,7,ἴδ,short,5
6,126,7,ωμ,long,6
6,126,7,αι.,long,6
6,127,1,ὣς,long,1
6,127,2,εἰπ,long,1
6,127,2,ὼν,long,2
6,127,3,θάμν,long,2
6,127,3,ων,long,3
6,127,4,ὑπ,short,3
6,127,4,εδ,short,3
6,127,4,ύσ,long,4
6,127,4,ετ,short,4
6,127,4,ο,short,4
6,127,5,δῖ,long,5
6,127,5,ος,short,5
6,127,6,Ὀδ,short,5
6,127,6,υσσ,long,6
6,127,6,"εύς,",long,6
6,128,1,ἐκ,long,1
6,128,2,πυκ,short,1
6,128,2,ιν,short,1
6,128,2,ῆς,long,2
6,128,3,δ’ὕλ,long,2
6,128,3,ης,long,3
6,128,4,πτόρθ,long,3
6,128,4,ον,long,4
6,128,5,κλάσ,short,4
6,128,5,ε,short,4
6,128,6,χειρ,long,5
6,128,6,ὶ,short,5
6,128,7,παχ,short,5
6,128,7,εί,long,6
6,128,7,ῃ,long,6
6,129,1,φύλλ,long,1
6,129,1,"ων,",long,1
6,129,2,ὡς,long,2
6,129,3,ῥύσ,long,2
6,129,3,αιτ,long,3
6,129,3,ο,short,3
6,129,4,περ,short,3
6,129,4,ὶ,long,4
6,129,5,χρο,short,4
6,129,5,ῒ,short,4
6,129,6,μήδ,long,5
6,129,6,ε,short,5
6,129,6,α,short,5
6,129,7,φωτ,long,6
6,129,7,ός.,long,6
6,130,1,βῆ,long,1
6,130,2,δ’ἴμ,short,1
6,130,2,εν,short,1
6,130,3,ὥς,long,2
6,130,4,τε,short,2
6,130,5,λέ,short,2
6,130,5,ων,long,3
6,130,6,ὀρ,short,3
6,130,6,εσ,short,3
6,130,6,ίτρ,long,4
6,130,6,οφ,short,4
6,130,6,ος,short,4
6,130,7,ἀλκ,long,5
6,130,7,ὶ,short,5
6,130,8,πεπ,short,5
6,130,8,οιθ,long,6
6,130,8,"ώς,",long,6
6,131,1,ὅς,long,1
6,131,2,τ’εἶσ’,long,1
6,131,3,ὑ,long,2
6,131,3,όμ,short,2
6,131,3,εν,short,2
6,131,3,ος,long,3
6,131,4,καὶ,short,3
6,131,5,ἀ,short,3
6,131,5,ήμ,long,4
6,131,5,εν,short,4
6,131,5,"ος,",short,4
6,131,6,ἐν,long,5
6,131,7,δέ,short,5
6,131,8,οἱ,short,5
6,131,9,ὄσσ,long,6
6,131,9,ε,long,6
6,132,1,δαί,long,1
6,132,1,ετ,short,1
6,132,1,αι·,short,1
6,132,2,αὐτ,long,2
6,132,2,ὰρ,short,2
6,132,3,ὁ,short,2
6,132,4,βουσ,long,3
6,132,4,ὶ,short,3
6,132,5,μετ,short,3
6,132,5,έρχ,long,4
6,132,5,ετ,short,4
6,132,5,αι,short,4
6,132,6,ἢ,long,5
6,132,7,ὀ,short,5
6,132,7,ί,short,5
6,132,7,εσσ,long,6
6,132,7,ιν,long,6
6,133,1,ἠ,long,1
6,133,1,ὲ,short,1
6,133,2,μετ’,short,1
6,133,3,ἀγρ,long,2
6,133,3,οτ,short,2
6,133,3,έρ,short,2
6,133,3,ας,long,3
6,133,4,ἐλ,short,3
6,133,4,άφ,short,3
6,133,4,ους·,long,4
6,133,5,κέλ,short,4
6,133,5,ετ,short,4
6,133,5,αι,long,5
6,133,6,δέ,short,5
6,133,7,ἑ,short,5
6,133,8,γαστ,long,6
6,133,8,ὴρ,long,6
6,134,1,μήλ,long,1
6,134,1,ων,long,1
6,134,2,πειρ,long,2
6,134,2,ήσ,long,2
6,134,2,οντ,long,3
6,134,2,α,short,3
6,134,3,καὶ,short,3
6,134,4,ἐς,long,4
6,134,5,πυκ,short,4
6,134,5,ιν,short,4
6,134,5,ὸν,long,5
6,134,6,δόμ,short,5
6,134,6,ον,short,5
6,134,7,ἐλθ,long,6
6,134,7,εῖν·,long,6
6,135,1,ὣς,long,1
6,135,2,Ὀδ,short,1
6,135,2,υσ,short,1
6,135,2,εὺς,long,2
6,135,3,κούρ,long,2
6,135,3,ῃσ,long,3
6,135,3,ιν,short,3
6,135,4,ἐ,short,3
6,135,4,υπλ,long,4
6,135,4,οκ,short,4
6,135,4,άμ,short,4
6,135,4,οισ,long,5
6,135,4,ιν,short,5
6,135,5,ἔμ,short,5
6,135,5,ελλ,long,6
6,135,5,ε,long,6
6,136,1,μίξ,long,1
6,136,1,εσθ,long,1
6,136,1,"αι,",long,2
6,136,2,γυμν,long,2
6,136,2,ός,long,3
6,136,3,περ,short,3
6,136,4,ἐ,short,3
6,136,4,ών·,long,4
6,136,5,χρει,long,4
6,136,5,ὼ,long,5
6,136,6,γὰρ,short,5
6,136,7,ἵκ,short,5
6,136,7,αν,long,6
6,136,7,ε.,long,6
6,137,1,σμερδ,long,1
6,137,1,αλ,short,1
6,137,1,έ,short,1
6,137,1,ος,long,2
6,137,2,δ’αὐτ,long,2
6,137,2,ῇσ,long,3
6,137,2,ι,short,3
6,137,3,φάν,short,3
6,137,3,η,long,4
6,137,4,κεκ,short,4
6,137,4,ακ,short,4
6,137,4,ωμ,long,5
6,137,4,έν,short,5
6,137,4,ος,short,5
6,137,5,ἅλμ,long,6
6,137,5,"ῃ,",long,6
6,138,1,τρέσσ,long,1
6,138,1,αν,long,1
6,138,2,δ’ἄλλ,long,2
6,138,2,υδ,short,2
6,138,2,ις,short,2
6,138,3,ἄλλ,long,3
6,138,3,η,short,3
6,138,4,ἐπ’,short,3
6,138,5,ἠ,long,4
6,138,5,ι,short,4
6,138,5,όν,short,4
6,138,5,ας,long,5
6,138,6,προὐχ,long,5
6,138,6,ούσ,long,6
6,138,6,ας·,long,6
6,139,1,οἴ,long,1
6,139,1,η,long,1
6,139,2,δ’Ἀλκ,long,2
6,139,2,ιν,short,2
6,139,2,ό,short,2
6,139,2,ου,long,3
6,139,3,θυγ,short,3
6,139,3,άτ,short,3
6,139,3,ηρ,long,4
6,139,4,μέν,short,4
6,139,4,ε·,short,4
6,139,5,τῇ,long,5
6,139,6,γὰρ,short,5
6,139,7,Ἀθ,short,5
6,139,7,ήν,long,6
6,139,7,η,long,6
6,140,1,θάρσ,long,1
6,140,1,ος,short,1
6,140,2,ἐν,short,1
6,140,2,ὶ,long,2
6,140,3,φρεσ,short,2
6,140,3,ὶ,short,2
6,140,4,θῆκ,long,3
6,140,4,ε,short,3
6,140,5,καὶ,short,3
6,140,6,ἐκ,long,4
6,140,7,δέ,short,4
6,140,7,ος,short,4
6,140,8,εἵλ,long,5
6,140,8,ετ,short,5
6,140,8,ο,short,5
6,140,9,γυί,long,6
6,140,9,ων.,long,6
6,141,1,στῆ,long,1
6,141,2,δ’ἄντ,long,1
6,141,2,α,long,2
6,141,3,σχομ,short,2
6,141,3,έν,short,2
6,141,3,η·,long,3
6,141,4,ὁ,short,3
6,141,5,δὲ,short,3
6,141,6,μερμ,long,4
6,141,6,ήρ,long,4
6,141,6,ιξ,long,5
6,141,6,εν,short,5
6,141,7,Ὀδ,short,5
6,141,7,υσσ,long,6
6,141,7,"εύς,",long,6
6,142,1,ἢ,long,1
6,142,2,γούν,long,1
6,142,2,ων,long,2
6,142,3,λίσσ,long,2
6,142,3,οιτ,long,3
6,142,3,ο,short,3
6,142,4,λαβ,short,3
6,142,4,ὼν,long,4
6,142,5,ἐ,short,4
6,142,5,υ,short,4
6,142,5,ώπ,long,5
6,142,5,ιδ,short,5
6,142,5,α,short,5
6,142,6,κούρ,long,6
6,142,6,"ην,",long,6
6,143,1,ἦ,long,1
6,143,2,αὔτ,long,1
6,143,2,ως,long,2
6,143,3,ἐπ,short,2
6,143,3,έ,short,2
6,143,3,εσσ,long,3
6,143,3,ιν,short,3
6,143,4,ἀπ,short,3
6,143,4,οστ,long,4
6,143,4,αδ,short,4
6,143,4,ὰ,short,4
6,143,5,μειλ,long,5
6,143,5,ιχ,short,5
6,143,5,ί,short,5
6,143,5,οισ,long,6
6,143,5,ι,long,6
6,144,1,λίσσ,long,1
6,144,1,"οιτ’,",long,1
6,144,2,εἰ,long,2
6,144,3,δείξ,long,2
6,144,3,ει,long,3
6,144,3,ε,short,3
6,144,4,πόλ,short,3
6,144,4,ιν,long,4
6,144,5,καὶ,long,4
6,144,6,εἵμ,long,5
6,144,6,ατ,short,5
6,144,6,α,short,5
6,144,7,δοί,long,6
6,144,7,η.,long,6
6,145,1,ὣς,long,1
6,145,2,ἄρ,short,1
6,145,2,α,short,1
6,145,3,οἱ,long,2
6,145,4,φρον,short,2
6,145,4,έ,short,2
6,145,4,οντ,long,3
6,145,4,ι,short,3
6,145,5,δο,short,3
6,145,5,άσσ,long,4
6,145,5,ατ,short,4
6,145,5,ο,short,4
6,145,6,κέρδ,long,5
6,145,6,ι,short,5
6,145,6,ον,short,5
6,145,7,εἶν,long,6
6,145,7,"αι,",long,6
6,146,1,λίσσ,long,1
6,146,1,εσθ,long,1
6,146,1,αι,long,2
6,146,2,ἐπ,short,2
6,146,2,έ,short,2
6,146,2,εσσ,long,3
6,146,2,ιν,short,3
6,146,3,ἀπ,short,3
6,146,3,οστ,long,4
6,146,3,αδ,short,4
6,146,3,ὰ,short,4
6,146,4,μειλ,long,5
6,146,4,ιχ,short,5
6,146,4,ί,short,5
6,146,4,οισ,long,6
6,146,4,"ι,",long,6
6,147,1,μή,long,1
6,147,2,οἱ,long,1
6,147,3,γοῦν,long,2
6,147,3,α,short,2
6,147,4,λαβ,short,2
6,147,4,όντ,long,3
6,147,4,ι,short,3
6,147,5,χολ,short,3
6,147,5,ώσ,long,4
6,147,5,αιτ,long,4
6,147,5,ο,long,5
6,147,6,φρέν,short,5
6,147,6,α,short,5
6,147,7,κούρ,long,6
6,147,7,η.,long,6
6,148,1,αὐτ,long,1
6,148,1,ίκ,short,1
6,148,1,α,short,1
6,148,2,μειλ,long,2
6,148,2,ίχ,short,2
6,148,2,ι,short,2
6,148,2,ον,long,3
6,148,3,καὶ,long,3
6,148,4,κερδ,long,4
6,148,4,αλ,short,4
6,148,4,έ,short,4
6,148,4,ον,long,5
6,148,5,φάτ,short,5
6,148,5,ο,short,5
6,148,6,μῦθ,long,6
6,148,6,ον.,long,6
6,149,1,γουν,long,1
6,149,1,οῦμ,long,1
6,149,1,αί,long,2
6,149,2,"σε,",short,2
6,149,3,ἄν,short,2
6,149,3,ασσ,long,3
6,149,3,α·,short,3
6,149,4,θε,short,3
6,149,4,ός,long,4
6,149,5,νύ,short,4
6,149,6,"τις,",short,4
6,149,7,ἦ,long,5
6,149,8,βροτ,short,5
6,149,8,ός,short,5
6,149,9,ἐσσ,long,6
6,149,9,ι;,long,6
6,150,1,εἰ,long,1
6,150,2,μέν,long,1
6,150,3,τις,long,2
6,150,4,θε,short,2
6,150,4,ός,short,2
6,150,5,ἐσσ,long,3
6,150,5,"ι,",short,3
6,150,6,τοὶ,short,3
6,150,7,οὐρ,long,4
6,150,7,αν,short,4
6,150,7,ὸν,short,4
6,150,8,εὐρ,long,5
6,150,8,ὺν,short,5
6,150,9,ἔχ,short,5
6,150,9,ουσ,long,6
6,150,9,"ιν,",long,6
6,151,1,Ἀρτ,long,1
6,151,1,έμ,short,1
6,151,1,ιδ,short,1
6,151,1,ί,long,2
6,151,2,σε,short,2
6,151,3,ἔγ,short,2
6,151,3,ωγ,long,3
6,151,3,"ε,",short,3
6,151,4,Δι,short,3
6,151,4,ὸς,long,4
6,151,5,κούρ,long,4
6,151,5,ῃ,long,5
6,151,6,μεγ,short,5
6,151,6,άλ,short,5
6,151,6,οι,long,6
6,151,6,"ο,",long,6
6,152,1,εἶδ,long,1
6,152,1,ός,long,1
6,152,2,τε,long,2
6,152,3,μέγ,short,2
6,152,3,εθ,short,2
6,152,3,ός,long,3
6,152,4,τε,short,3
6,152,5,φυ,short,3
6,152,5,ήν,long,4
6,152,6,τ’ἄγχ,long,4
6,152,6,ιστ,long,5
6,152,6,α,short,5
6,152,7,ἐ,short,5
6,152,7,ίσκ,long,6
6,152,7,ω·,long,6
6,153,1,εἰ,long,1
6,153,2,δέ,short,1
6,153,3,τίς,short,1
6,153,4,ἐσσ,long,2
6,153,4,ι,short,2
6,153,5,βροτ,short,2
6,153,5,"ῶν,",long,3
6,153,6,τοὶ,short,3
6,153,7,ἐπ,short,3
6,153,7,ὶ,long,4
6,153,8,χθον,short,4
6,153,8,ὶ,short,4
6,153,9,ναι,long,5
6,153,9,ετ,short,5
6,153,9,ά,short,5
6,153,9,ουσ,long,6
6,153,9,"ι,",long,6
6,154,1,τρὶς,long,1
6,154,2,μάκ,short,1
6,154,2,αρ,short,1
6,154,2,ες,long,2
6,154,3,μὲν,long,2
6,154,4,σοί,long,3
6,154,5,γε,short,3
6,154,6,πατ,short,3
6,154,6,ὴρ,long,4
6,154,7,καὶ,long,4
6,154,8,πότν,long,5
6,154,8,ι,short,5
6,154,8,α,short,5
6,154,9,μήτ,long,6
6,154,9,"ηρ,",long,6
6,155,1,τρὶς,long,1
6,155,2,μάκ,short,1
6,155,2,αρ,short,1
6,155,2,ες,long,2
6,155,3,δὲ,short,2
6,155,4,κασ,short,2
6,155,4,ίγν,long,3
6,155,4,ητ,long,3
6,155,4,οι·,long,4
6,155,5,μάλ,short,4
6,155,5,α,short,4
6,155,6,πού,long,5
6,155,7,σφισ,short,5
6,155,7,ι,short,5
6,155,8,θυμ,long,6
6,155,8,ὸς,long,6
6,156,1,αἰ,long,1
6,156,1,ὲν,short,1
6,156,2,ἐ,short,1
6,156,2,υφρ,long,2
6,156,2,οσ,short,2
6,156,2,ύν,short,2
6,156,2,ῃσ,long,3
6,156,2,ιν,short,3
6,156,3,ἰ,short,3
6,156,3,αίν,long,4
6,156,3,ετ,short,4
6,156,3,αι,short,4
6,156,4,εἵν,long,5
6,156,4,εκ,short,5
6,156,4,α,short,5
6,156,5,σεῖ,long,6
6,156,5,"ο,",long,6
6,157,1,λευσσ,long,1
6,157,1,όντ,long,1
6,157,1,ων,long,2
6,157,2,τοι,long,2
6,157,2,όνδ,long,3
6,157,2,ε,short,3
6,157,3,θάλ,short,3
6,157,3,ος,long,4
6,157,4,χορ,short,4
6,157,4,ὸν,short,4
6,157,5,εἰσ,long,5
6,157,5,οιχν,long,5
6,157,5,εῦσ,long,6
6,157,5,αν.,long,6
6,158,1,κεῖν,long,1
6,158,1,ος,long,1
6,158,2,δ’αὖ,long,2
6,158,3,περ,short,2
6,158,3,ὶ,short,2
6,158,4,κῆρ,long,3
6,158,4,ι,short,3
6,158,5,μακ,short,3
6,158,5,άρτ,long,4
6,158,5,ατ,short,4
6,158,5,ος,short,4
6,158,6,ἔξ,long,5
6,158,6,οχ,short,5
6,158,6,ον,short,5
6,158,7,ἄλλ,long,6
6,158,7,"ων,",long,6
6,159,1,ὅς,long,1
6,159,2,κέ,short,1
6,159,3,σ’ἐ,short,1
6,159,3,έδν,long,2
6,159,3,οισ,long,2
6,159,3,ι,long,3
6,159,4,βρίσ,long,3
6,159,4,ας,long,4
6,159,5,οἶκ,long,4
6,159,5,όνδ’,long,5
6,159,6,ἀγ,short,5
6,159,6,άγ,short,5
6,159,6,ητ,long,6
6,159,6,αι.,long,6
6,160,1,οὐ,long,1
6,160,2,γάρ,long,1
6,160,3,πω,long,2
6,160,4,τοι,long,2
6,160,4,οῦτ,long,3
6,160,4,ον,short,3
6,160,5,ἴδ,short,3
6,160,5,ον,long,4
6,160,6,βροτ,short,4
6,160,6,ὸν,short,4
6,160,7,ὀφθ,long,5
6,160,7,αλμ,long,5
6,160,7,οῖσ,long,6
6,160,7,"ιν,",long,6
6,161,1,οὔτ’,long,1
6,161,2,ἄνδρ’,long,1
6,161,3,οὔτ,long,2
6,161,3,ε,short,2
6,161,4,γυν,short,2
6,161,4,αῖκ,long,3
6,161,4,α·,short,3
6,161,5,σέβ,short,3
6,161,5,ας,long,4
6,161,6,μ’ἔχ,short,4
6,161,6,ει,short,4
6,161,7,εἰσ,long,5
6,161,7,ορ,short,5
6,161,7,ό,short,5
6,161,7,ωντ,long,6
6,161,7,α.,long,6
6,162,1,Δήλ,long,1
6,162,1,ῳ,long,1
6,162,2,δή,long,2
6,162,3,ποτ,short,2
6,162,3,ε,short,2
6,162,4,τοῖ,long,3
6,162,4,ον,short,3
6,162,5,Ἀπ,short,3
6,162,5,όλλ,long,4
6,162,5,ων,long,4
6,162,5,ος,long,5
6,162,6,παρ,short,5
6,162,6,ὰ,short,5
6,162,7,βωμ,long,6
6,162,7,ῷ,long,6
6,163,1,φοίν,long,1
6,163,1,ικ,long,1
6,163,1,ος,long,2
6,163,2,νέ,short,2
6,163,2,ον,short,2
6,163,3,ἔρν,long,3
6,163,3,ος,short,3
6,163,4,ἀν,short,3
6,163,4,ερχ,long,4
6,163,4,όμ,short,4
6,163,4,εν,short,4
6,163,4,ον,long,5
6,163,5,ἐν,short,5
6,163,5,ό,short,5
6,163,5,ησ,long,6
6,163,5,α·,long,6
6,164,1,ἦλθ,long,1
6,164,1,ον,long,1
6,164,2,γὰρ,long,2
6,164,3,καὶ,long,2
6,164,4,κεῖσ,long,3
6,164,4,"ε,",short,3
6,164,5,πολ,short,3
6,164,5,ὺς,long,4
6,164,6,δέ,short,4
6,164,7,μοι,short,4
6,164,8,ἕσπ,long,5
6,164,8,ετ,short,5
6,164,8,ο,short,5
6,164,9,λα,long,6
6,164,9,"ός,",long,6
6,165,1,τὴν,long,1
6,165,2,ὁδ,short,1
6,165,2,ὸν,short,1
6,165,3,ᾗ,long,2
6,165,4,δὴ,long,2
6,165,5,μέλλ,long,3
6,165,5,εν,short,3
6,165,6,ἐμ,short,3
6,165,6,οὶ,long,4
6,165,7,κακ,short,4
6,165,7,ὰ,short,4
6,165,8,κήδ,long,5
6,165,8,ε’,short,5
6,165,9,ἔσ,short,5
6,165,9,εσθ,long,6
6,165,9,αι.,long,6
6,166,1,ὣς,long,1
6,166,2,δ’αὔτ,long,1
6,166,2,ως,long,2
6,166,3,καὶ,long,2
6,166,4,κεῖν,long,3
6,166,4,ο,short,3
6,166,5,ἰδ,short,3
6,166,5,ὼν,long,4
6,166,6,ἐτ,short,4
6,166,6,εθ,short,4
6,166,6,ήπ,long,5
6,166,6,ε,short,5
6,166,6,α,short,5
6,166,7,θυμ,long,6
6,166,7,ῷ,long,6
6,167,1,"δήν,",long,1
6,167,2,ἐπ,short,1
6,167,2,εὶ,short,1
6,167,3,οὔ,long,2
6,167,4,πω,long,2
6,167,5,τοῖ,long,3
6,167,5,ον,short,3
6,167,6,ἀν,short,3
6,167,6,ήλ,long,4
6,167,6,υθ,short,4
6,167,6,εν,short,4
6,167,7,ἐκ,long,5
6,167,8,δόρ,short,5
6,167,8,υ,short,5
6,167,9,γαί,long,6
6,167,9,"ης,",long,6
6,168,1,ὡς,long,1
6,168,2,"σέ,",short,1
6,168,3,γύν,short,1
6,168,3,"αι,",long,2
6,168,4,ἄγ,short,2
6,168,4,αμ,short,2
6,168,4,αί,long,3
6,168,5,τε,short,3
6,168,6,τέθ,short,3
6,168,6,ηπ,long,4
6,168,6,ά,short,4
6,168,7,"τε,",short,4
6,168,8,δείδ,long,5
6,168,8,ι,short,5
6,168,8,α,short,5
6,168,9,δ’αἰν,long,6
6,168,9,ῶς,long,6
6,169,1,γούν,long,1
6,169,1,ων,long,1
6,169,2,ἅψ,long,2
6,169,2,ασθ,long,2
6,169,2,αι·,long,3
6,169,3,χαλ,short,3
6,169,3,επ,short,3
6,169,3,ὸν,long,4
6,169,4,δέ,short,4
6,169,5,με,short,4
6,169,6,πένθ,long,5
6,169,6,ος,short,5
6,169,7,ἱκ,short,5
6,169,7,άν,long,6
6,169,7,ει.,long,6
6,170,1,χθιζ,long,1
6,170,1,ὸς,short,1
6,170,2,ἐ,short,1
6,170,2,εικ,long,2
6,170,2,οστ,long,2
6,170,2,ῷ,long,3
6,170,3,φύγ,short,3
6,170,3,ον,short,3
6,170,4,ἤμ,long,4
6,170,4,ατ,short,4
6,170,4,ι,short,4
6,170,5,οἴν,long,5
6,170,5,οπ,short,5
6,170,5,α,short,5
6,170,6,πόντ,long,6
6,170,6,ον·,long,6
6,171,1,τόφρ,long,1
6,171,1,α,short,1
6,171,2,δέ,short,1
6,171,3,μ’αἰ,long,2
6,171,3,εὶ,long,2
6,171,4,κῦμ,long,3
6,171,4,α,short,3
6,171,5,φόρ,short,3
6,171,5,ει,long,4
6,171,6,κραιπν,long,4
6,171,6,αί,long,5
6,171,7,τε,short,5
6,171,8,θύ,short,5
6,171,8,ελλ,long,6
6,171,8,αι,long,6
6,172,1,νήσ,long,1
6,172,1,ου,short,1
6,172,2,ἀπ’,short,1
6,172,3,Ὠγ,long,2
6,172,3,υγ,short,2
6,172,3,ί,short,2
6,172,3,ης.,long,3
6,172,4,νῦν,long,3
6,172,5,δ’ἐνθ,long,4
6,172,5,άδ,short,4
6,172,5,ε,short,4
6,172,6,κάββ,long,5
6,172,6,αλ,short,5
6,172,6,ε,short,5
6,172,7,δαίμ,long,6
6,172,7,"ων,",long,6
6,173,1,ὄφρ,long,1
6,173,1,α,short,1
6,173,2,τι,short,1
6,173,3,που,long,2
6,173,4,καὶ,long,2
6,173,5,τῇδ,long,3
6,173,5,ε,short,3
6,173,6,πάθ,short,3
6,173,6,ω,long,4
6,173,7,κακ,short,4
6,173,7,όν·,short,4
6,173,8,οὐ,long,5
6,173,9,γὰρ,short,5
6,173,10,ὀ,short,5
6,173,10,ί,long,6
6,173,10,ω,long,6
6,174,1,παύσ,long,1
6,174,1,"εσθ’,",long,1
6,174,2,ἀλλ’,long,2
6,174,3,ἔτ,short,2
6,174,3,ι,short,2
6,174,4,πολλ,long,3
6,174,4,ὰ,short,3
6,174,5,θε,short,3
6,174,5,οὶ,long,4
6,174,6,τελ,short,4
6,174,6,έ,short,4
6,174,6,ουσ,long,5
6,174,6,ι,short,5
6,174,7,πάρ,short,5
6,174,7,οιθ,long,6
6,174,7,εν.,long,6
6,175,1,ἀλλ,long,1
6,175,1,"ά,",short,1
6,175,2,ἄν,short,1
6,175,2,"ασσ’,",long,2
6,175,3,ἐλ,short,2
6,175,3,έ,short,2
6,175,3,αιρ,long,3
6,175,3,ε·,short,3
6,175,4,σὲ,short,3
6,175,5,γὰρ,long,4
6,175,6,κακ,short,4
6,175,6,ὰ,short,4
6,175,7,πολλ,long,5
6,175,7,ὰ,short,5
6,175,8,μογ,short,5
6,175,8,ήσ,long,6
6,175,8,ας,long,6
6,176,1,ἐς,long,1
6,176,2,πρώτ,long,1
6,176,2,ην,long,2
6,176,3,ἱκ,short,2
6,176,3,όμ,short,2
6,176,3,"ην,",long,3
6,176,4,τῶν,long,3
6,176,5,δ’ἄλλ,long,4
6,176,5,ων,long,4
6,176,6,οὔ,long,5
6,176,7,τιν,short,5
6,176,7,α,short,5
6,176,8,οἶδ,long,6
6,176,8,α,long,6
6,177,1,ἀνθρ,long,1
6,177,1,ώπ,long,1
6,177,1,"ων,",long,2
6,177,2,οἳ,long,2
6,177,3,τήνδ,long,3
6,177,3,ε,short,3
6,177,4,πόλ,short,3
6,177,4,ιν,long,4
6,177,5,καὶ,long,4
6,177,6,γαῖ,long,5
6,177,6,αν,short,5
6,177,7,ἔχ,short,5
6,177,7,ουσ,long,6
6,177,7,ιν.,long,6
6,178,1,ἄστ,long,1
6,178,1,υ,short,1
6,178,2,δέ,short,1
6,178,3,μοι,long,2
6,178,4,δεῖξ,long,2
6,178,4,"ον,",long,3
6,178,5,δὸς,long,3
6,178,6,δὲ,long,4
6,178,7,ῥάκ,short,4
6,178,7,ος,short,4
6,178,8,ἀμφ,long,5
6,178,8,ιβ,short,5
6,178,8,αλ,short,5
6,178,8,έσθ,long,6
6,178,8,"αι,",long,6
6,179,1,εἴ,long,1
6,179,2,τί,short,1
6,179,3,που,short,1
6,179,4,εἴλ,long,2
6,179,4,υμ,long,2
6,179,4,α,long,3
6,179,5,σπείρ,long,3
6,179,5,ων,long,4
6,179,6,ἔχ,short,4
6,179,6,ες,short,4
6,179,7,ἐνθ,long,5
6,179,7,άδ’,short,5
6,179,8,ἰ,short,5
6,179,8,οῦσ,long,6
6,179,8,α.,long,6
6,180,1,σοὶ,long,1
6,180,2,δὲ,short,1
6,180,3,θε,short,1
6,180,3,οὶ,long,2
6,180,4,τόσ,short,2
6,180,4,α,short,2
6,180,5,δοῖ,long,3
6,180,5,εν,short,3
6,180,6,ὅσ,short,3
6,180,6,α,long,4
6,180,7,φρεσ,short,4
6,180,7,ὶ,short,4
6,180,8,σῇσ,long,5
6,180,8,ι,short,5
6,180,9,μεν,short,5
6,180,9,οιν,long,6
6,180,9,"ᾷς,",long,6
6,181,1,ἄνδρ,long,1
6,181,1,α,short,1
6,181,2,τε,short,1
6,181,3,καὶ,long,2
6,181,4,οἶκ,long,2
6,181,4,"ον,",long,3
6,181,5,καὶ,short,3
6,181,6,ὁμ,short,3
6,181,6,οφρ,long,4
6,181,6,οσ,short,4
6,181,6,ύν,short,4
6,181,6,ην,long,5
6,181,7,ὀπ,short,5
6,181,7,άσ,short,5
6,181,7,ει,long,6
6,181,7,αν,long,6
6,182,1,ἐσθλ,long,1
6,182,1,ήν·,long,1
6,182,2,οὐ,long,2
6,182,3,μὲν,long,2
6,182,4,γὰρ,long,3
6,182,5,τοῦ,long,3
6,182,6,γε,long,4
6,182,7,κρεῖσσ,long,4
6,182,7,ον,long,5
6,182,8,καὶ,short,5
6,182,9,ἄρ,short,5
6,182,9,ει,long,6
6,182,9,"ον,",long,6
6,183,1,ἢ,long,1
6,183,2,ὅθ’,short,1
6,183,3,ὁμ,short,1
6,183,3,οφρ,long,2
6,183,3,ον,short,2
6,183,3,έ,short,2
6,183,3,οντ,long,3
6,183,3,ε,short,3
6,183,4,νο,short,3
6,183,4,ήμ,long,4
6,183,4,ασ,short,4
6,183,4,ιν,short,4
6,183,5,οἶκ,long,5
6,183,5,ον,short,5
6,183,6,ἔχ,short,5
6,183,6,ητ,long,6
6,183,6,ον,long,6
6,184,1,ἀν,long,1
6,184,1,ὴρ,long,1
6,184,2,ἠδ,long,2
6,184,2,ὲ,short,2
6,184,3,γυν,short,2
6,184,3,ή·,long,3
6,184,4,πόλλ’,long,3
6,184,5,ἄλγ,long,4
6,184,5,ε,short,4
6,184,5,α,short,4
6,184,6,δυσμ,long,5
6,184,6,εν,short,5
6,184,6,έ,short,5
6,184,6,εσσ,long,6
6,184,6,"ι,",long,6
6,185,1,χάρμ,long,1
6,185,1,ατ,short,1
6,185,1,α,short,1
6,185,2,δ’εὐμ,long,2
6,185,2,εν,short,2
6,185,2,έτ,short,2
6,185,2,ῃσ,long,3
6,185,2,"ι,",short,3
6,185,3,μάλ,short,3
6,185,3,ιστ,long,4
6,185,3,α,short,4
6,185,4,δέ,short,4
6,185,5,τ’ἔκλ,long,5
6,185,5,υ,short,5
6,185,5,ον,short,5
6,185,6,αὐτ,long,6
6,185,6,οί.,long,6
6,186,1,τὸν,long,1
6,186,2,δ’αὖ,long,1
6,186,3,Ναυσ,long,2
6,186,3,ικ,short,2
6,186,3,ά,short,2
6,186,3,α,long,3
6,186,4,λευκ,long,3
6,186,4,ώλ,long,4
6,186,4,εν,short,4
6,186,4,ος,short,4
6,186,5,ἀντ,long,5
6,186,5,ί,short,5
6,186,5,ον,short,5
6,186,6,ηὔδ,long,6
6,186,6,α·,long,6
6,187,1,"ξεῖν’,",long,1
6,187,2,ἐπ,short,1
6,187,2,εὶ,short,1
6,187,3,οὔτ,long,2
6,187,3,ε,short,2
6,187,4,κακ,short,2
6,187,4,ῷ,long,3
6,187,5,οὔτ’,long,3
6,187,6,ἄφρ,long,4
6,187,6,ον,short,4
6,187,6,ι,short,4
6,187,7,φωτ,long,5
6,187,7,ὶ,short,5
6,187,8,ἔ,short,5
6,187,8,οικ,long,6
6,187,8,ας·,long,6
6,188,1,Ζεὺς,long,1
6,188,2,δ’αὐτ,long,1
6,188,2,ὸς,long,2
6,188,3,νέμ,short,2
6,188,3,ει,short,2
6,188,4,ὄλβ,long,3
6,188,4,ον,short,3
6,188,5,Ὀλ,short,3
6,188,5,ύμπ,long,4
6,188,5,ι,short,4
6,188,5,ος,short,4
6,188,6,ἀνθρ,long,5
6,188,6,ώπ,long,5
6,188,6,οισ,long,6
6,188,6,"ιν,",long,6
6,189,1,ἐσθλ,long,1
6,189,1,οῖς,long,1
6,189,2,ἠδ,long,2
6,189,2,ὲ,short,2
6,189,3,κακ,short,2
6,189,3,οῖσ,long,3
6,189,3,"ιν,",short,3
6,189,4,ὅπ,short,3
6,189,4,ως,long,4
6,189,5,ἐθ,short,4
6,189,5,έλ,short,4
6,189,5,ῃσ,long,5
6,189,5,"ιν,",short,5
6,189,6,ἑκ,short,5
6,189,6,άστ,long,6
6,189,6,ῳ·,long,6
6,190,1,καί,long,1
6,190,2,που,long,1
6,190,3,σοὶ,long,2
6,190,4,τά,short,2
6,190,5,γ’ἔδ,short,2
6,190,5,ωκ,long,3
6,190,5,"ε,",short,3
6,190,6,σὲ,short,3
6,190,7,δὲ,long,4
6,190,8,χρὴ,long,4
6,190,9,τετλ,long,5
6,190,9,άμ,short,5
6,190,9,εν,short,5
6,190,10,ἔμπ,long,6
6,190,10,ης.,long,6
6,191,1,νῦν,long,1
6,191,2,"δ’,ἐπ",short,1
6,191,2,εὶ,short,1
6,191,3,ἡμ,long,2
6,191,3,ετ,short,2
6,191,3,έρ,short,2
6,191,3,ην,long,3
6,191,4,τε,short,3
6,191,5,πόλ,short,3
6,191,5,ιν,long,4
6,191,6,καὶ,long,4
6,191,7,γαῖ,long,5
6,191,7,αν,short,5
6,191,8,ἱκ,short,5
6,191,8,άν,long,6
6,191,8,"εις,",long,6
6,192,1,οὔτ’,long,1
6,192,2,οὖν,long,1
6,192,3,ἐσθ,long,2
6,192,3,ῆτ,long,2
6,192,3,ος,long,3
6,192,4,δευ,long,3
6,192,4,ήσ,long,4
6,192,4,ε,short,4
6,192,4,αι,short,4
6,192,5,οὔτ,long,5
6,192,5,ε,short,5
6,192,6,τευ,short,5
6,192,7,ἄλλ,long,6
6,192,7,"ου,",long,6
6,193,1,ὧν,long,1
6,193,2,ἐπ,short,1
6,193,2,έ,short,1
6,193,2,οιχ’,long,2
6,193,3,ἱκ,short,2
6,193,3,έτ,short,2
6,193,3,ην,long,3
6,193,4,ταλ,short,3
6,193,4,απ,short,3
6,193,4,είρ,long,4
6,193,4,ι,short,4
6,193,4,ον,short,4
6,193,5,ἀντ,long,5
6,193,5,ι,short,5
6,193,5,άσ,short,5
6,193,5,αντ,long,6
6,193,5,α.,long,6
6,194,1,ἄστ,long,1
6,194,1,υ,short,1
6,194,2,δέ,short,1
6,194,3,τοι,long,2
6,194,4,δείξ,long,2
6,194,4,"ω,",long,3
6,194,5,ἐρ,short,3
6,194,5,έ,short,3
6,194,5,ω,long,4
6,194,6,δέ,short,4
6,194,7,τοι,short,4
6,194,8,οὔν,long,5
6,194,8,ομ,short,5
6,194,8,α,short,5
6,194,9,λα,long,6
6,194,9,ῶν.,long,6
6,195,1,Φαί,long,1
6,195,1,ηκ,long,1
6,195,1,ες,long,2
6,195,2,μὲν,long,2
6,195,3,τήνδ,long,3
6,195,3,ε,short,3
6,195,4,πόλ,short,3
6,195,4,ιν,long,4
6,195,5,καὶ,long,4
6,195,6,γαῖ,long,5
6,195,6,αν,short,5
6,195,7,ἔχ,short,5
6,195,7,ουσ,long,6
6,195,7,"ιν,",long,6
6,196,1,εἰμ,long,1
6,196,1,ὶ,short,1
6,196,2,δ’ἐγ,short,1
6,196,2,ὼ,long,2
6,196,3,θυγ,short,2
6,196,3,άτ,short,2
6,196,3,ηρ,long,3
6,196,4,μεγ,short,3
6,196,4,αλ,short,3
6,196,4,ήτ,long,4
6,196,4,ορ,short,4
6,196,4,ος,short,4
6,196,5,Ἀλκ,long,5
6,196,5,ιν,short,5
6,196,5,ό,short,5
6,196,5,οι,long,6
6,196,5,"ο,",long,6
6,197,1,τοῦ,long,1
6,197,2,δ’ἐκ,long,1
6,197,3,Φαι,long,2
6,197,3,ήκ,long,2
6,197,3,ων,long,3
6,197,4,ἔχ,short,3
6,197,4,ετ,short,3
6,197,4,αι,long,4
6,197,5,κάρτ,long,4
6,197,5,ος,long,5
6,197,6,τε,short,5
6,197,7,βί,short,5
6,197,7,η,long,6
6,197,8,τε.,long,6
6,198,1,ἦ,long,1
6,198,2,ῥα,short,1
6,198,3,καὶ,short,1
6,198,4,ἀμφ,long,2
6,198,4,ιπ,short,2
6,198,4,όλ,short,2
6,198,4,οισ,long,3
6,198,4,ιν,short,3
6,198,5,ἐ,short,3
6,198,5,υπλ,long,4
6,198,5,οκ,short,4
6,198,5,άμ,short,4
6,198,5,οισ,long,5
6,198,5,ι,short,5
6,198,6,κέλ,short,5
6,198,6,ευσ,long,6
6,198,6,ε·,long,6
6,199,1,στῆτ,long,1
6,199,1,έ,short,1
6,199,2,"μοι,",short,1
6,199,3,ἀμφ,long,2
6,199,3,ίπ,short,2
6,199,3,ολ,short,2
6,199,3,οι·,long,3
6,199,4,πόσ,short,3
6,199,4,ε,short,3
6,199,5,φεύγ,long,4
6,199,5,ετ,short,4
6,199,5,ε,short,4
6,199,6,φῶτ,long,5
6,199,6,α,short,5
6,199,7,ἰδ,short,5
6,199,7,οῦσ,long,6
6,199,7,αι;,long,6
6,200,1,ἦ,long,1
6,200,2,μή,long,1
6,200,3,πού,long,2
6,200,4,τιν,short,2
6,200,4,α,short,2
6,200,5,δυσμ,long,3
6,200,5,εν,short,3
6,200,5,έ,short,3
6,200,5,ων,long,4
6,200,6,φάσθ’,long,4
6,200,7,ἔμμ,long,5
6,200,7,εν,short,5
6,200,7,αι,short,5
6,200,8,ἀνδρ,long,6
6,200,8,ῶν;,long,6
6,201,1,οὐκ,long,1
6,201,2,ἔσθ’,long,1
6,201,3,οὗτ,long,2
6,201,3,ος,short,2
6,201,4,ἀν,short,2
6,201,4,ὴρ,long,3
6,201,5,δι,short,3
6,201,5,ερ,short,3
6,201,5,ὸς,long,4
6,201,6,βροτ,short,4
6,201,6,ὸς,short,4
6,201,7,οὐδ,long,5
6,201,7,ὲ,short,5
6,201,8,γέν,short,5
6,201,8,ητ,long,6
6,201,8,"αι,",long,6
6,202,1,ὅς,long,1
6,202,2,κεν,long,1
6,202,3,Φαι,long,2
6,202,3,ήκ,long,2
6,202,3,ων,long,3
6,202,4,ἀνδρ,long,3
6,202,4,ῶν,long,4
6,202,5,ἐς,long,4
6,202,6,γαῖ,long,5
6,202,6,αν,short,5
6,202,7,ἵκ,short,5
6,202,7,ητ,long,6
6,202,7,αι,long,6
6,203,1,δη,long,1
6,203,1,ι,short,1
6,203,1,οτ,short,1
6,203,1,ῆτ,long,2
6,203,1,α,short,2
6,203,2,φέρ,short,2
6,203,2,ων·,long,3
6,203,3,μάλ,short,3
6,203,3,α,short,3
6,203,4,γὰρ,long,4
6,203,5,φίλ,short,4
6,203,5,οι,short,4
6,203,6,ἀθ,long,5
6,203,6,αν,short,5
6,203,6,άτ,short,5
6,203,6,οισ,long,6
6,203,6,ιν.,long,6
6,204,1,οἰκ,long,1
6,204,1,έ,short,1
6,204,1,ομ,short,1
6,204,1,εν,long,2
6,204,2,δ’ἀπ,short,2
6,204,2,άν,short,2
6,204,2,ευθ,long,3
6,204,2,ε,short,3
6,204,3,πολ,short,3
6,204,3,υκλ,long,4
6,204,3,ύστ,long,4
6,204,3,ῳ,long,5
6,204,4,ἐν,short,5
6,204,4,ὶ,short,5
6,204,5,πόντ,long,6
6,204,5,"ῳ,",long,6
6,205,1,ἔσχ,long,1
6,205,1,ατ,short,1
6,205,1,"οι,",short,1
6,205,2,οὐδ,long,2
6,205,2,έ,short,2
6,205,3,τις,short,2
6,205,4,ἄμμ,long,3
6,205,4,ι,short,3
6,205,5,βροτ,short,3
6,205,5,ῶν,long,4
6,205,6,ἐπ,short,4
6,205,6,ιμ,short,4
6,205,6,ίσγ,long,5
6,205,6,ετ,short,5
6,205,6,αι,short,5
6,205,7,ἄλλ,long,6
6,205,7,ος.,long,6
6,206,1,ἀλλ’,long,1
6,206,2,ὅδ,short,1
6,206,2,ε,short,1
6,206,3,τις,long,2
6,206,4,δύστ,long,2
6,206,4,ην,long,3
6,206,4,ος,short,3
6,206,5,ἀλ,short,3
6,206,5,ώμ,long,4
6,206,5,εν,short,4
6,206,5,ος,short,4
6,206,6,ἐνθ,long,5
6,206,6,άδ’,short,5
6,206,7,ἱκ,short,5
6,206,7,άν,long,6
6,206,7,"ει,",long,6
6,207,1,τὸν,long,1
6,207,2,νῦν,long,1
6,207,3,χρὴ,long,2
6,207,4,κομ,short,2
6,207,4,έ,short,2
6,207,4,ειν·,long,3
6,207,5,πρὸς,long,3
6,207,6,γὰρ,long,4
6,207,7,Δι,short,4
6,207,7,ός,short,4
6,207,8,εἰσ,long,5
6,207,8,ιν,short,5
6,207,9,ἅπ,short,5
6,207,9,αντ,long,6
6,207,9,ες,long,6
6,208,1,ξεῖν,long,1
6,208,1,οί,long,1
6,208,2,τε,long,2
6,208,3,πτωχ,long,2
6,208,3,οί,long,3
6,208,4,"τε,",short,3
6,208,5,δόσ,short,3
6,208,5,ις,long,4
6,208,6,δ’ὀλ,short,4
6,208,6,ίγ,short,4
6,208,6,η,long,5
6,208,7,τε,short,5
6,208,8,φίλ,short,5
6,208,8,η,long,6
6,208,9,τε.,long,6
6,209,1,ἀλλ,long,1
6,209,1,ὰ,short,1
6,209,2,"δότ’,",short,1
6,209,3,ἀμφ,long,2
6,209,3,ίπ,short,2
6,209,3,ολ,short,2
6,209,3,"οι,",long,3
6,209,4,ξείν,long,3
6,209,4,ῳ,long,4
6,209,5,βρῶσ,long,4
6,209,5,ίν,long,5
6,209,6,τε,short,5
6,209,7,πόσ,short,5
6,209,7,ιν,long,6
6,209,8,"τε,",long,6
6,210,1,λούσ,long,1
6,210,1,ατ,short,1
6,210,1,έ,short,1
6,210,2,τ’ἐν,long,2
6,210,3,ποτ,short,2
6,210,3,αμ,short,2
6,210,3,"ῷ,",long,3
6,210,4,ὅθ’,short,3
6,210,5,ἐπ,short,3
6,210,5,ὶ,long,4
6,210,6,σκέπ,short,4
6,210,6,ας,short,4
6,210,7,ἔστ’,long,5
6,210,8,ἀν,short,5
6,210,8,έμ,short,5
6,210,8,οι,long,6
6,210,8,ο.,long,6
6,211,1,ὣς,long,1
6,211,2,ἔφ,short,1
6,211,2,"αθ’,",short,1
6,211,3,αἱ,long,2
6,211,4,δ’ἔστ,long,2
6,211,4,αν,long,3
6,211,5,τε,short,3
6,211,6,καὶ,short,3
6,211,7,ἀλλ,long,4
6,211,7,ήλ,long,4
6,211,7,ῃσ,long,5
6,211,7,ι,short,5
6,211,8,κέλ,short,5
6,211,8,ευσ,long,6
6,211,8,"αν,",long,6
6,212,1,κὰδ,long,1
6,212,2,δ’ἄρ’,short,1
6,212,3,Ὀδ,short,1
6,212,3,υσσ,long,2
6,212,3,έ,short,2
6,212,3,α,short,2
6,212,4,εἷσ,long,3
6,212,4,αν,short,3
6,212,5,ἐπ,short,3
6,212,5,ὶ,long,4
6,212,6,σκέπ,short,4
6,212,6,"ας,",short,4
6,212,7,ὡς,long,5
6,212,8,ἐκ,short,5
6,212,8,έλ,short,5
6,212,8,ευσ,long,6
6,212,8,ε,long,6
6,213,1,Ναυσ,long,1
6,213,1,ικ,short,1
6,213,1,ά,short,1
6,213,1,α,long,2
6,213,2,θυγ,short,2
6,213,2,άτ,short,2
6,213,2,ηρ,long,3
6,213,3,μεγ,short,3
6,213,3,αλ,short,3
6,213,3,ήτ,long,4
6,213,3,ορ,short,4
6,213,3,ος,short,4
6,213,4,Ἀλκ,long,5
6,213,4,ιν,short,5
6,213,4,ό,short,5
6,213,4,οι,long,6
6,213,4,ο·,long,6
6,214,1,πὰρ,long,1
6,214,2,δ’ἄρ,short,1
6,214,2,α,short,1
6,214,3,οἱ,long,2
6,214,4,φᾶρ,long,2
6,214,4,ός,long,3
6,214,5,τε,short,3
6,214,6,χιτ,short,3
6,214,6,ῶν,long,4
6,214,6,ά,short,4
6,214,7,τε,short,4
6,214,8,εἵμ,long,5
6,214,8,ατ’,short,5
6,214,9,ἔθ,short,5
6,214,9,ηκ,long,6
6,214,9,"αν,",long,6
6,215,1,δῶκ,long,1
6,215,1,αν,long,1
6,215,2,δὲ,long,2
6,215,3,χρυσ,short,2
6,215,3,έ,short,2
6,215,3,ῃ,long,3
6,215,4,ἐν,long,3
6,215,5,ληκ,long,4
6,215,5,ύθ,short,4
6,215,5,ῳ,short,4
6,215,6,ὑγρ,long,5
6,215,6,ὸν,short,5
6,215,7,ἔλ,short,5
6,215,7,αι,long,6
6,215,7,"ον,",long,6
6,216,1,ἤν,long,1
6,216,1,ωγ,long,1
6,216,1,ον,long,2
6,216,2,δ’ἄρ,short,2
6,216,2,α,short,2
6,216,3,μιν,long,3
6,216,4,λοῦσθ,long,3
6,216,4,αι,long,4
6,216,5,ποτ,short,4
6,216,5,αμ,short,4
6,216,5,οῖ,long,5
6,216,5,ο,short,5
6,216,6,ῥο,short,5
6,216,6,ῇσ,long,6
6,216,6,ι.,long,6
6,217,1,δή,long,1
6,217,2,ῥα,short,1
6,217,3,τότ’,short,1
6,217,4,ἀμφ,long,2
6,217,4,ιπ,short,2
6,217,4,όλ,short,2
6,217,4,οισ,long,3
6,217,4,ι,short,3
6,217,5,μετ,short,3
6,217,5,ηύδ,long,4
6,217,5,α,long,4
6,217,6,δῖ,long,5
6,217,6,ος,short,5
6,217,7,Ὀδ,short,5
6,217,7,υσσ,long,6
6,217,7,εύς·,long,6
6,218,1,ἀμφ,long,1
6,218,1,ίπ,short,1
6,218,1,ολ,short,1
6,218,1,"οι,",long,2
6,218,2,στῆθ’,long,2
6,218,3,οὕτ,long,3
6,218,3,ω,short,3
6,218,4,ἀπ,short,3
6,218,4,όπρ,long,4
6,218,4,οθ,short,4
6,218,4,"εν,",short,4
6,218,5,ὄφρ’,long,5
6,218,6,ἐγ,short,5
6,218,6,ὼ,short,5
6,218,7,αὐτ,long,6
6,218,7,ὸς,long,6
6,219,1,ἅλμ,long,1
6,219,1,ην,long,1
6,219,2,ὤμ,long,2
6,219,2,οι,long,2
6,219,2,ιν,long,3
6,219,3,ἀπ,short,3
6,219,3,ολ,short,3
6,219,3,ούσ,long,4
6,219,3,ομ,short,4
6,219,3,"αι,",short,4
6,219,4,ἀμφ,long,5
6,219,4,ὶ,short,5
6,219,5,δ’ἐλ,short,5
6,219,5,αί,long,6
6,219,5,ῳ,long,6
6,220,1,χρίσ,long,1
6,220,1,ομ,short,1
6,220,1,αι·,short,1
6,220,2,ἦ,long,2
6,220,3,γὰρ,long,2
6,220,4,δηρ,long,3
6,220,4,ὸν,short,3
6,220,5,ἀπ,short,3
6,220,5,ὸ,long,4
6,220,6,χρο,short,4
6,220,6,ός,short,4
6,220,7,ἐστ,long,5
6,220,7,ιν,short,5
6,220,8,ἀλ,short,5
6,220,8,οιφ,long,6
6,220,8,ή.,long,6
6,221,1,ἄντ,long,1
6,221,1,ην,long,1
6,221,2,δ’οὐκ,long,2
6,221,3,ἂν,short,2
6,221,4,ἔγ,short,2
6,221,4,ωγ,long,3
6,221,4,ε,short,3
6,221,5,λο,short,3
6,221,5,έσσ,long,4
6,221,5,ομ,short,4
6,221,5,αι·,short,4
6,221,6,αἰδ,long,5
6,221,6,έ,short,5
6,221,6,ομ,short,5
6,221,6,αι,long,6
6,221,7,γὰρ,long,6
6,222,1,γυμν,long,1
6,222,1,οῦσθ,long,1
6,222,1,αι,long,2
6,222,2,κούρ,long,2
6,222,2,ῃσ,long,3
6,222,2,ιν,short,3
6,222,3,ἐ,short,3
6,222,3,υπλ,long,4
6,222,3,οκ,short,4
6,222,3,άμ,short,4
6,222,3,οισ,long,5
6,222,3,ι,short,5
6,222,4,μετ,short,5
6,222,4,ελθ,long,6
6,222,4,ών.,long,6
6,223,1,ὣς,long,1
6,223,2,ἔφ,short,1
6,223,2,"αθ’,",short,1
6,223,3,αἱ,long,2
6,223,4,δ’ἀπ,short,2
6,223,4,άν,short,2
6,223,4,ευθ,long,3
6,223,4,εν,short,3
6,223,5,ἴσ,short,3
6,223,5,"αν,",long,4
6,223,6,εἶπ,long,4
6,223,6,ον,long,5
6,223,7,δ’ἄρ,short,5
6,223,7,α,short,5
6,223,8,κούρ,long,6
6,223,8,ῃ.,long,6
6,224,1,αὐτ,long,1
6,224,1,ὰρ,short,1
6,224,2,ὁ,short,1
6,224,3,ἐκ,long,2
6,224,4,ποτ,short,2
6,224,4,αμ,short,2
6,224,4,οῦ,long,3
6,224,5,χρό,short,3
6,224,5,α,short,3
6,224,6,νίζ,long,4
6,224,6,ετ,short,4
6,224,6,ο,short,4
6,224,7,δῖ,long,5
6,224,7,ος,short,5
6,224,8,Ὀδ,short,5
6,224,8,υσσ,long,6
6,224,8,εὺς,long,6
6,225,1,ἅλμ,long,1
6,225,1,"ην,",long,1
6,225,2,ἥ,long,2
6,225,3,οἱ,long,2
6,225,4,νῶτ,long,3
6,225,4,α,short,3
6,225,5,καὶ,short,3
6,225,6,εὐρ,long,4
6,225,6,έ,short,4
6,225,6,ας,short,4
6,225,7,ἄμπ,long,5
6,225,7,εχ,short,5
6,225,7,εν,short,5
6,225,8,ὤμ,long,6
6,225,8,"ους,",long,6
6,226,1,ἐκ,long,1
6,226,2,κεφ,short,1
6,226,2,αλ,short,1
6,226,2,ῆς,long,2
6,226,3,δ’ἔσμ,long,2
6,226,3,ηχ,long,3
6,226,3,εν,short,3
6,226,4,ἁλ,short,3
6,226,4,ὸς,long,4
6,226,5,χνό,short,4
6,226,5,ον,short,4
6,226,6,ἀτρ,long,5
6,226,6,υγ,short,5
6,226,6,έτ,short,5
6,226,6,οι,long,6
6,226,6,ο.,long,6
6,227,1,αὐτ,long,1
6,227,1,ὰρ,short,1
6,227,2,ἐπ,short,1
6,227,2,εὶ,long,2
6,227,3,δὴ,long,2
6,227,4,πάντ,long,3
6,227,4,α,short,3
6,227,5,λο,short,3
6,227,5,έσσ,long,4
6,227,5,ατ,short,4
6,227,5,ο,short,4
6,227,6,καὶ,long,5
6,227,7,λίπ’,short,5
6,227,8,ἄλ,short,5
6,227,8,ειψ,long,6
6,227,8,"εν,",long,6
6,228,1,ἀμφ,long,1
6,228,1,ὶ,short,1
6,228,2,δὲ,short,1
6,228,3,εἵμ,long,2
6,228,3,ατ,short,2
6,228,3,α,short,2
6,228,4,ἕσσ,long,3
6,228,4,αθ’,short,3
6,228,5,ἅ,short,3
6,228,6,οἱ,long,4
6,228,7,πόρ,short,4
6,228,7,ε,short,4
6,228,8,παρθ,long,5
6,228,8,έν,short,5
6,228,8,ος,short,5
6,228,9,ἀδμ,long,6
6,228,9,"ής,",long,6
6,229,1,τὸν,long,1
6,229,2,μὲν,short,1
6,229,3,Ἀθ,short,1
6,229,3,ην,long,2
6,229,3,αί,long,2
6,229,3,η,long,3
6,229,4,θῆκ,long,3
6,229,4,εν,long,4
6,229,5,Δι,short,4
6,229,5,ὸς,short,4
6,229,6,ἐκγ,long,5
6,229,6,εγ,short,5
6,229,6,α,short,5
6,229,6,υῖ,long,6
6,229,6,α,long,6
6,230,1,μείζ,long,1
6,230,1,ον,short,1
6,230,1,ά,short,1
6,230,2,τ’εἰσ,long,2
6,230,2,ιδ,short,2
6,230,2,έ,short,2
6,230,2,ειν,long,3
6,230,3,καὶ,long,3
6,230,4,πάσσ,long,4
6,230,4,ον,short,4
6,230,4,"α,",short,4
6,230,5,κὰδ,long,5
6,230,6,δὲ,short,5
6,230,7,κάρ,short,5
6,230,7,ητ,long,6
6,230,7,ος,long,6
6,231,1,οὔλ,long,1
6,231,1,ας,long,1
6,231,2,ἧκ,long,2
6,231,2,ε,short,2
6,231,3,κόμ,short,2
6,231,3,"ας,",long,3
6,231,4,ὑ,short,3
6,231,4,ακ,short,3
6,231,4,ινθ,long,4
6,231,4,ίν,short,4
6,231,4,ῳ,short,4
6,231,5,ἄνθ,long,5
6,231,5,ει,short,5
6,231,6,ὁμ,short,5
6,231,6,οί,long,6
6,231,6,ας.,long,6
6,232,1,ὡς,long,1
6,232,2,δ’ὅτ,short,1
6,232,2,ε,short,1
6,232,3,τις,long,2
6,232,4,χρυσ,long,2
6,232,4,ὸν,long,3
6,232,5,περ,short,3
6,232,5,ιχ,short,3
6,232,5,εύ,long,4
6,232,5,ετ,short,4
6,232,5,αι,short,4
6,232,6,ἀργ,long,5
6,232,6,ύρ,short,5
6,232,6,ῳ,short,5
6,232,7,ἀν,long,6
6,232,7,ὴρ,long,6
6,233,1,ἴδρ,long,1
6,233,1,"ις,",short,1
6,233,2,ὃν,short,1
6,233,3,Ἥφ,long,2
6,233,3,αιστ,long,2
6,233,3,ος,long,3
6,233,4,δέδ,short,3
6,233,4,α,short,3
6,233,4,εν,long,4
6,233,5,καὶ,long,4
6,233,6,Παλλ,long,5
6,233,6,ὰς,short,5
6,233,7,Ἀθ,short,5
6,233,7,ήν,long,6
6,233,7,η,long,6
6,234,1,τέχν,long,1
6,234,1,ην,long,1
6,234,2,παντ,long,2
6,234,2,οί,long,2
6,234,2,"ην,",long,3
6,234,3,χαρ,short,3
6,234,3,ί,short,3
6,234,3,εντ,long,4
6,234,3,α,short,4
6,234,4,δὲ,short,4
6,234,5,ἔργ,long,5
6,234,5,α,short,5
6,234,6,τελ,short,5
6,234,6,εί,long,6
6,234,6,"ει,",long,6
6,235,1,ὣς,long,1
6,235,2,ἄρ,short,1
6,235,2,α,short,1
6,235,3,τῷ,long,2
6,235,4,κατ,short,2
6,235,4,έχ,short,2
6,235,4,ευ,long,3
6,235,4,ε,short,3
6,235,5,χάρ,short,3
6,235,5,ιν,long,4
6,235,6,κεφ,short,4
6,235,6,αλ,short,4
6,235,6,ῇ,long,5
6,235,7,τε,short,5
6,235,8,καὶ,short,5
6,235,9,ὤμ,long,6
6,235,9,οις.,long,6
6,236,1,ἕζ,long,1
6,236,1,ετ’,short,1
6,236,2,ἔπ,short,1
6,236,2,ειτ’,long,2
6,236,3,ἀπ,short,2
6,236,3,άν,short,2
6,236,3,ευθ,long,3
6,236,3,ε,short,3
6,236,4,κι,short,3
6,236,4,ὼν,long,4
6,236,5,ἐπ,short,4
6,236,5,ὶ,short,4
6,236,6,θῖν,long,5
6,236,6,α,short,5
6,236,7,θαλ,short,5
6,236,7,άσσ,long,6
6,236,7,"ης,",long,6
6,237,1,κάλλ,long,1
6,237,1,ε,short,1
6,237,1,ϊ,short,1
6,237,2,καὶ,long,2
6,237,3,χάρ,short,2
6,237,3,ισ,short,2
6,237,3,ι,long,3
6,237,4,στίλβ,long,3
6,237,4,ων·,long,4
6,237,5,θη,long,4
6,237,5,εῖτ,long,5
6,237,5,ο,short,5
6,237,6,δὲ,short,5
6,237,7,κούρ,long,6
6,237,7,η.,long,6
6,238,1,δή,long,1
6,238,2,ῥα,short,1
6,238,3,τότ’,short,1
6,238,4,ἀμφ,long,2
6,238,4,ιπ,short,2
6,238,4,όλ,short,2
6,238,4,οισ,long,3
6,238,4,ιν,short,3
6,238,5,ἐ,short,3
6,238,5,υπλ,long,4
6,238,5,οκ,short,4
6,238,5,άμ,short,4
6,238,5,οισ,long,5
6,238,5,ι,short,5
6,238,6,μετ,short,5
6,238,6,ηύδ,long,6
6,238,6,α·,long,6
6,239,1,κλῦτ,long,1
6,239,1,έ,short,1
6,239,2,"μοι,",short,1
6,239,3,ἀμφ,long,2
6,239,3,ίπ,short,2
6,239,3,ολ,short,2
6,239,3,οι,long,3
6,239,4,λευκ,long,3
6,239,4,ώλ,long,4
6,239,4,εν,short,4
6,239,4,"οι,",short,4
6,239,5,ὄφρ,long,5
6,239,5,α,short,5
6,239,6,τι,short,5
6,239,7,εἴπ,long,6
6,239,7,ω.,long,6
6,240,1,οὐ,long,1
6,240,2,πάντ,long,1
6,240,2,ων,long,2
6,240,3,ἀ,short,2
6,240,3,έκ,short,2
6,240,3,ητ,long,3
6,240,3,ι,short,3
6,240,4,θε,short,3
6,240,4,"ῶν,",long,4
6,240,5,οἳ,short,4
6,240,6,Ὄλ,short,4
6,240,6,υμπ,long,5
6,240,6,ον,short,5
6,240,7,ἔχ,short,5
6,240,7,ουσ,long,6
6,240,7,"ι,",long,6
6,241,1,Φαι,long,1
6,241,1,ήκ,long,1
6,241,1,εσσ’,long,2
6,241,2,ὅδ’,short,2
6,241,3,ἀν,short,2
6,241,3,ὴρ,long,3
6,241,4,ἐπ,short,3
6,241,4,ιμ,short,3
6,241,4,ίσγ,long,4
6,241,4,ετ,short,4
6,241,4,αι,short,4
6,241,5,ἀντ,long,5
6,241,5,ιθ,short,5
6,241,5,έ,short,5
6,241,5,οισ,long,6
6,241,5,ι·,long,6
6,242,1,πρόσθ,long,1
6,242,1,εν,long,1
6,242,2,μὲν,long,2
6,242,3,γὰρ,long,2
6,242,4,δή,long,3
6,242,5,μοι,short,3
6,242,6,ἀ,short,3
6,242,6,εικ,long,4
6,242,6,έλ,short,4
6,242,6,ι,short,4
6,242,6,ος,long,5
6,242,7,δέ,short,5
6,242,7,ατ’,short,5
6,242,8,εἶν,long,6
6,242,8,"αι,",long,6
6,243,1,νῦν,long,1
6,243,2,δὲ,short,1
6,243,3,θε,short,1
6,243,3,οῖσ,long,2
6,243,3,ιν,short,2
6,243,4,ἔ,short,2
6,243,4,οικ,long,3
6,243,4,"ε,",short,3
6,243,5,τοὶ,short,3
6,243,6,οὐρ,long,4
6,243,6,αν,short,4
6,243,6,ὸν,short,4
6,243,7,εὐρ,long,5
6,243,7,ὺν,short,5
6,243,8,ἔχ,short,5
6,243,8,ουσ,long,6
6,243,8,ιν.,long,6
6,244,1,αἲ,long,1
6,244,2,γὰρ,short,1
6,244,3,ἐμ,short,1
6,244,3,οὶ,long,2
6,244,4,τοι,long,2
6,244,4,όσδ,long,3
6,244,4,ε,short,3
6,244,5,πόσ,short,3
6,244,5,ις,long,4
6,244,6,κεκλ,long,4
6,244,6,ημ,long,5
6,244,6,έν,short,5
6,244,6,ος,short,5
6,244,7,εἴ,long,6
6,244,7,η,long,6
6,245,1,ἐνθ,long,1
6,245,1,άδ,short,1
6,245,1,ε,short,1
6,245,2,ναι,long,2
6,245,2,ετ,short,2
6,245,2,ά,short,2
6,245,2,"ων,",long,3
6,245,3,καὶ,long,3
6,245,4,οἱ,long,4
6,245,5,ἅδ,short,4
6,245,5,οι,short,4
6,245,6,αὐτ,long,5
6,245,6,όθ,short,5
6,245,6,ι,short,5
6,245,7,μίμν,long,6
6,245,7,ειν.,long,6
6,246,1,ἀλλ,long,1
6,246,1,ὰ,short,1
6,246,2,"δότ’,",short,1
6,246,3,ἀμφ,long,2
6,246,3,ίπ,short,2
6,246,3,ολ,short,2
6,246,3,"οι,",long,3
6,246,4,ξείν,long,3
6,246,4,ῳ,long,4
6,246,5,βρῶσ,long,4
6,246,5,ίν,long,5
6,246,6,τε,short,5
6,246,7,πόσ,short,5
6,246,7,ιν,long,6
6,246,8,τε.,long,6
6,247,1,ὣς,long,1
6,247,2,ἔφ,short,1
6,247,2,"αθ’,",short,1
6,247,3,αἱ,long,2
6,247,4,δ’ἄρ,short,2
6,247,4,α,short,2
6,247,5,τῆς,long,3
6,247,6,μάλ,short,3
6,247,6,α,short,3
6,247,7,μὲν,long,4
6,247,8,κλύ,short,4
6,247,8,ον,short,4
6,247,9,ἠδ’,long,5
6,247,10,ἐπ,short,5
6,247,10,ίθ,short,5
6,247,10,οντ,long,6
6,247,10,"ο,",long,6
6,248,1,πὰρ,long,1
6,248,2,δ’ἄρ’,short,1
6,248,3,Ὀδ,short,1
6,248,3,υσσ,long,2
6,248,3,ῆ,long,2
6,248,3,ι,long,3
6,248,4,ἔθ,short,3
6,248,4,εσ,short,3
6,248,4,αν,long,4
6,248,5,βρῶσ,long,4
6,248,5,ίν,long,5
6,248,6,τε,short,5
6,248,7,πόσ,short,5
6,248,7,ιν,long,6
6,248,8,τε.,long,6
6,249,1,ἤτ,long,1
6,249,1,οι,short,1
6,249,2,ὁ,short,1
6,249,3,πῖν,long,2
6,249,3,ε,short,2
6,249,4,καὶ,short,2
6,249,5,ἦσθ,long,3
6,249,5,ε,short,3
6,249,6,πολ,short,3
6,249,6,ύτλ,long,4
6,249,6,ας,long,4
6,249,7,δῖ,long,5
6,249,7,ος,short,5
6,249,8,Ὀδ,short,5
6,249,8,υσσ,long,6
6,249,8,εὺς,long,6
6,250,1,ἁρπ,long,1
6,250,1,αλ,short,1
6,250,1,έ,short,1
6,250,1,ως·,long,2
6,250,2,δηρ,long,2
6,250,2,ὸν,long,3
6,250,3,γὰρ,short,3
6,250,4,ἐδ,short,3
6,250,4,ητ,long,4
6,250,4,ύ,short,4
6,250,4,ος,short,4
6,250,5,ἦ,long,5
6,250,5,εν,short,5
6,250,6,ἄπ,short,5
6,250,6,αστ,long,6
6,250,6,ος.,long,6
6,251,1,αὐτ,long,1
6,251,1,ὰρ,long,1
6,251,2,Ναυσ,long,2
6,251,2,ικ,short,2
6,251,2,ά,short,2
6,251,2,α,long,3
6,251,3,λευκ,long,3
6,251,3,ώλ,long,4
6,251,3,εν,short,4
6,251,3,ος,short,4
6,251,4,ἄλλ’,long,5
6,251,5,ἐν,short,5
6,251,5,ό,short,5
6,251,5,ησ,long,6
6,251,5,εν·,long,6
6,252,1,εἵμ,long,1
6,252,1,ατ’,short,1
6,252,2,ἄρ,short,1
6,252,2,α,long,2
6,252,3,πτύξ,long,2
6,252,3,ασ,long,3
6,252,3,α,short,3
6,252,4,τίθ,short,3
6,252,4,ει,long,4
6,252,5,καλ,long,4
6,252,5,ῆς,long,5
6,252,6,ἐπ’,short,5
6,252,7,ἀπ,short,5
6,252,7,ήν,long,6
6,252,7,"ης,",long,6
6,253,1,ζεῦξ,long,1
6,253,1,ε,short,1
6,253,2,δ’ὑφ’,short,1
6,253,3,ἡμ,long,2
6,253,3,ι,short,2
6,253,3,όν,short,2
6,253,3,ους,long,3
6,253,4,κρατ,short,3
6,253,4,ερ,short,3
6,253,4,ών,long,4
6,253,4,υχ,short,4
6,253,4,"ας,",short,4
6,253,5,ἂν,long,5
6,253,6,δ’ἔβ,short,5
6,253,6,η,short,5
6,253,7,αὐτ,long,6
6,253,7,"ή,",long,6
6,254,1,ὤτρ,long,1
6,254,1,υν,long,1
6,254,1,εν,long,2
6,254,2,δ’Ὀδ,short,2
6,254,2,υσ,short,2
6,254,2,ῆ,long,3
6,254,2,"α,",short,3
6,254,3,ἔπ,short,3
6,254,3,ος,long,4
6,254,4,τ’ἔφ,short,4
6,254,4,ατ’,short,4
6,254,5,ἔκ,long,5
6,254,6,τ’ὀν,short,5
6,254,6,όμ,short,5
6,254,6,αζ,long,6
6,254,6,εν·,long,6
6,255,1,ὄρσ,long,1
6,255,1,ε,short,1
6,255,1,ο,short,1
6,255,2,"νῦν,",long,2
6,255,3,ὦ,long,2
6,255,4,ξεῖν,long,3
6,255,4,"ε,",short,3
6,255,5,πόλ,short,3
6,255,5,ινδ’,long,4
6,255,6,ἴμ,short,4
6,255,6,εν,short,4
6,255,7,ὄφρ,long,5
6,255,7,α,short,5
6,255,8,σε,short,5
6,255,9,πέμψ,long,6
6,255,9,ω,long,6
6,256,1,πατρ,long,1
6,256,1,ὸς,short,1
6,256,2,ἐμ,short,1
6,256,2,οῦ,long,2
6,256,3,πρὸς,long,2
6,256,4,δῶμ,long,3
6,256,4,α,short,3
6,256,5,δα,short,3
6,256,5,ΐφρ,long,4
6,256,5,ον,short,4
6,256,5,"ος,",short,4
6,256,6,ἔνθ,long,5
6,256,6,α,short,5
6,256,7,σέ,short,5
6,256,8,φημ,long,6
6,256,8,ι,long,6
6,257,1,πάντ,long,1
6,257,1,ων,long,1
6,257,2,Φαι,long,2
6,257,2,ήκ,long,2
6,257,2,ων,long,3
6,257,3,εἰδ,long,3
6,257,3,ησ,long,4
6,257,3,έμ,short,4
6,257,3,εν,short,4
6,257,4,ὅσσ,long,5
6,257,4,οι,short,5
6,257,5,ἄρ,short,5
6,257,5,ιστ,long,6
6,257,5,οι.,long,6
6,258,1,ἀλλ,long,1
6,258,1,ὰ,short,1
6,258,2,μάλ’,short,1
6,258,3,ὧδ’,long,2
6,258,4,ἔρδ,long,2
6,258,4,"ειν,",long,3
6,258,5,δοκ,short,3
6,258,5,έ,short,3
6,258,5,εις,long,4
6,258,6,δέ,short,4
6,258,7,μοι,short,4
6,258,8,οὐκ,long,5
6,258,9,ἀπ,short,5
6,258,9,ιν,short,5
6,258,9,ύσσ,long,6
6,258,9,ειν·,long,6
6,259,1,ὄφρ’,long,1
6,259,2,ἂν,long,1
6,259,3,μέν,long,2
6,259,4,κ’ἀγρ,long,2
6,259,4,οὺς,long,3
6,259,5,ἴ,short,3
6,259,5,ομ,short,3
6,259,5,εν,long,4
6,259,6,καὶ,long,4
6,259,7,ἔργ’,long,5
6,259,8,ἀνθρ,long,5
6,259,8,ώπ,long,6
6,259,8,"ων,",long,6
6,260,1,τόφρ,long,1
6,260,1,α,short,1
6,260,2,σὺν,short,1
6,260,3,ἀμφ,long,2
6,260,3,ιπ,short,2
6,260,3,όλ,short,2
6,260,3,οισ,long,3
6,260,3,ι,short,3
6,260,4,μεθ’,short,3
6,260,5,ἡμ,long,4
6,260,5,ι,short,4
6,260,5,όν,short,4
6,260,5,ους,long,5
6,260,6,καὶ,short,5
6,260,7,ἄμ,short,5
6,260,7,αξ,long,6
6,260,7,αν,long,6
6,261,1,καρπ,long,1
6,261,1,αλ,short,1
6,261,1,ίμ,short,1
6,261,1,ως,long,2
6,261,2,ἔρχ,long,2
6,261,2,εσθ,long,3
6,261,2,αι·,short,3
6,261,3,ἐγ,short,3
6,261,3,ὼ,long,4
6,261,4,δ’ὁδ,short,4
6,261,4,ὸν,short,4
6,261,5,ἡγ,long,5
6,261,5,εμ,short,5
6,261,5,ον,short,5
6,261,5,εύσ,long,6
6,261,5,ω.,long,6
6,262,1,αὐτ,long,1
6,262,1,ὰρ,short,1
6,262,2,ἐπ,short,1
6,262,2,ὴν,long,2
6,262,3,πόλ,short,2
6,262,3,ι,short,2
6,262,3,ος,long,3
6,262,4,ἐπ,short,3
6,262,4,ιβ,short,3
6,262,4,εί,long,4
6,262,4,ομ,short,4
6,262,4,"εν,",short,4
6,262,5,ἣν,long,5
6,262,6,πέρ,short,5
6,262,6,ι,short,5
6,262,7,πύργ,long,6
6,262,7,ος,long,6
6,263,1,ὑψ,long,1
6,263,1,ηλ,long,1
6,263,1,"ός,",long,2
6,263,2,καλ,long,2
6,263,2,ὸς,long,3
6,263,3,δὲ,short,3
6,263,4,λιμ,short,3
6,263,4,ὴν,long,4
6,263,5,ἑκ,short,4
6,263,5,άτ,short,4
6,263,5,ερθ,long,5
6,263,5,ε,short,5
6,263,6,πόλ,short,5
6,263,6,η,long,6
6,263,6,"ος,",long,6
6,264,1,λεπτ,long,1
6,264,1,ὴ,long,1
6,264,2,δ’εἰσ,long,2
6,264,2,ίθμ,long,2
6,264,2,η·,long,3
6,264,3,νῆ,long,3
6,264,3,ες,long,4
6,264,4,δ’ὁδ,short,4
6,264,4,ὸν,short,4
6,264,5,ἀμφ,long,5
6,264,5,ι,short,5
6,264,5,έλ,short,5
6,264,5,ισσ,long,6
6,264,5,αι,long,6
6,265,1,εἰρ,long,1
6,265,1,ύ,short,1
6,265,1,ατ,short,1
6,265,1,αι·,long,2
6,265,2,πᾶσ,long,2
6,265,2,ιν,long,3
6,265,3,γὰρ,short,3
6,265,4,ἐπ,short,3
6,265,4,ίστ,long,4
6,265,4,ι,short,4
6,265,4,όν,short,4
6,265,5,ἐστ,long,5
6,265,5,ιν,short,5
6,265,6,ἑκ,short,5
6,265,6,άστ,long,6
6,265,6,ῳ.,long,6
6,266,1,ἔνθ,long,1
6,266,1,α,short,1
6,266,2,δέ,short,1
6,266,3,τέ,long,2
6,266,4,σφ’ἀγ,short,2
6,266,4,ορ,short,2
6,266,4,ὴ,long,3
6,266,5,καλ,long,3
6,266,5,ὸν,long,4
6,266,6,Ποσ,short,4
6,266,6,ιδ,short,4
6,266,6,ή,long,5
6,266,6,ι,short,5
6,266,6,ον,short,5
6,266,7,ἀμφ,long,6
6,266,7,"ίς,",long,6
6,267,1,ῥυτ,long,1
6,267,1,οῖσ,long,1
6,267,1,ιν,long,2
6,267,2,λά,long,2
6,267,2,εσσ,long,3
6,267,2,ι,short,3
6,267,3,κατ,short,3
6,267,3,ωρ,long,4
6,267,3,υχ,short,4
6,267,3,έ,short,4
6,267,3,εσσ’,long,5
6,267,4,ἀρ,short,5
6,267,4,αρ,short,5
6,267,4,υῖ,long,6
6,267,4,α.,long,6
6,268,1,ἔνθ,long,1
6,268,1,α,short,1
6,268,2,δὲ,short,1
6,268,3,νη,long,2
6,268,3,ῶν,long,2
6,268,4,ὅπλ,long,3
6,268,4,α,short,3
6,268,5,μελ,short,3
6,268,5,αιν,long,4
6,268,5,ά,long,4
6,268,5,ων,long,5
6,268,6,ἀλ,short,5
6,268,6,έγ,short,5
6,268,6,ουσ,long,6
6,268,6,"ι,",long,6
6,269,1,πείσμ,long,1
6,269,1,ατ,short,1
6,269,1,α,short,1
6,269,2,καὶ,long,2
6,269,3,σπείρ,long,2
6,269,3,"ας,",long,3
6,269,4,καὶ,short,3
6,269,5,ἀπ,short,3
6,269,5,οξ,long,4
6,269,5,ύν,long,4
6,269,5,ουσ,long,5
6,269,5,ιν,short,5
6,269,6,ἐρ,short,5
6,269,6,ετμ,long,6
6,269,6,ά.,long,6
6,270,1,οὐ,long,1
6,270,2,γὰρ,long,1
6,270,3,Φαι,long,2
6,270,3,ήκ,long,2
6,270,3,εσσ,long,3
6,270,3,ι,short,3
6,270,4,μέλ,short,3
6,270,4,ει,long,4
6,270,5,βι,short,4
6,270,5,ὸς,short,4
6,270,6,οὐδ,long,5
6,270,6,ὲ,short,5
6,270,7,φαρ,short,5
6,270,7,έτρ,long,6
6,270,7,"η,",long,6
6,271,1,ἀλλ’,long,1
6,271,2,ἱστ,long,1
6,271,2,οὶ,long,2
6,271,3,καὶ,short,2
6,271,4,ἐρ,short,2
6,271,4,ετμ,long,3
6,271,4,ὰ,short,3
6,271,5,νε,short,3
6,271,5,ῶν,long,4
6,271,6,καὶ,long,4
6,271,7,νῆ,long,5
6,271,7,ες,short,5
6,271,8,ἐ,short,5
6,271,8,ῖσ,long,6
6,271,8,"αι,",long,6
6,272,1,ᾗσ,long,1
6,272,1,ιν,short,1
6,272,2,ἀγ,short,1
6,272,2,αλλ,long,2
6,272,2,όμ,short,2
6,272,2,εν,short,2
6,272,2,οι,long,3
6,272,3,πολ,short,3
6,272,3,ι,short,3
6,272,3,ὴν,long,4
6,272,4,περ,short,4
6,272,4,ό,short,4
6,272,4,ωσ,long,5
6,272,4,ι,short,5
6,272,5,θάλ,short,5
6,272,5,ασσ,long,6
6,272,5,αν.,long,6
6,273,1,τῶν,long,1
6,273,2,ἀλ,short,1
6,273,2,ε,short,1
6,273,2,είν,long,2
6,273,2,ω,long,2
6,273,3,φῆμ,long,3
6,273,3,ιν,short,3
6,273,4,ἀδ,short,3
6,273,4,ευκ,long,4
6,273,4,έ,short,4
6,273,4,"α,",short,4
6,273,5,μή,long,5
6,273,6,τις,short,5
6,273,7,ὀπ,short,5
6,273,7,ίσσ,long,6
6,273,7,ω,long,6
6,274,1,μωμ,long,1
6,274,1,εύ,long,1
6,274,1,ῃ·,long,2
6,274,2,μάλ,short,2
6,274,2,α,short,2
6,274,3,δ’εἰσ,long,3
6,274,3,ὶν,short,3
6,274,4,ὑπ,short,3
6,274,4,ερφ,long,4
6,274,4,ί,short,4
6,274,4,αλ,short,4
6,274,4,οι,long,5
6,274,5,κατ,short,5
6,274,5,ὰ,short,5
6,274,6,δῆμ,long,6
6,274,6,ον·,long,6
6,275,1,καί,long,1
6,275,2,νύ,short,1
6,275,3,τις,short,1
6,275,4,ὧδ’,long,2
6,275,5,εἴπ,long,2
6,275,5,ῃσ,long,3
6,275,5,ι,short,3
6,275,6,κακ,short,3
6,275,6,ώτ,long,4
6,275,6,ερ,short,4
6,275,6,ος,short,4
6,275,7,ἀντ,long,5
6,275,7,ιβ,short,5
6,275,7,ολ,short,5
6,275,7,ήσ,long,6
6,275,7,ας·,long,6
6,276,1,τίς,long,1
6,276,2,δ’ὅδ,short,1
6,276,2,ε,short,1
6,276,3,Ναυσ,long,2
6,276,3,ικ,short,2
6,276,3,ά,short,2
6,276,3,ᾳ,long,3
6,276,4,ἕπ,short,3
6,276,4,ετ,short,3
6,276,4,αι,long,4
6,276,5,καλ,long,4
6,276,5,ός,long,5
6,276,6,τε,short,5
6,276,7,μέγ,short,5
6,276,7,ας,long,6
6,276,8,τε,long,6
6,277,1,ξεῖν,long,1
6,277,1,ος;,long,1
6,277,2,ποῦ,long,2
6,277,3,δέ,short,2
6,277,4,μιν,short,2
6,277,5,εὗρ,long,3
6,277,5,ε;,short,3
6,277,6,πόσ,short,3
6,277,6,ις,long,4
6,277,7,νύ,short,4
6,277,8,οἱ,short,4
6,277,9,ἔσσ,long,5
6,277,9,ετ,short,5
6,277,9,αι,short,5
6,277,10,αὐτ,long,6
6,277,10,ῇ.,long,6
6,278,1,ἦ,long,1
6,278,2,τιν,short,1
6,278,2,ά,short,1
6,278,3,που,long,2
6,278,4,πλαγχθ,long,2
6,278,4,έντ,long,3
6,278,4,α,short,3
6,278,5,κομ,short,3
6,278,5,ίσσ,long,4
6,278,5,ατ,short,4
6,278,5,ο,short,4
6,278,6,ἧς,long,5
6,278,7,ἀπ,short,5
6,278,7,ὸ,short,5
6,278,8,νη,long,6
6,278,8,ὸς,long,6
6,279,1,ἀνδρ,long,1
6,279,1,ῶν,long,1
6,279,2,τηλ,long,2
6,279,2,εδ,short,2
6,279,2,απ,short,2
6,279,2,"ῶν,",long,3
6,279,3,ἐπ,short,3
6,279,3,εὶ,short,3
6,279,4,οὔ,long,4
6,279,5,τιν,short,4
6,279,5,ες,short,4
6,279,6,ἐγγ,long,5
6,279,6,ύθ,short,5
6,279,6,εν,short,5
6,279,7,εἰσ,long,6
6,279,7,ίν·,long,6
6,280,1,ἤ,long,1
6,280,2,τίς,short,1
6,280,3,οἱ,short,1
6,280,4,εὐξ,long,2
6,280,4,αμ,short,2
6,280,4,έν,short,2
6,280,4,ῃ,long,3
6,280,5,πολ,short,3
6,280,5,υ,short,3
6,280,5,άρ,long,4
6,280,5,ητ,long,4
6,280,5,ος,long,5
6,280,6,θε,short,5
6,280,6,ὸς,short,5
6,280,7,ἦλθ,long,6
6,280,7,εν,long,6
6,281,1,οὐρ,long,1
6,281,1,αν,short,1
6,281,1,όθ,short,1
6,281,1,εν,long,2
6,281,2,κατ,short,2
6,281,2,αβ,short,2
6,281,2,"άς,",long,3
6,281,3,ἕξ,long,3
6,281,3,ει,long,4
6,281,4,δέ,short,4
6,281,5,μιν,short,4
6,281,6,ἤμ,long,5
6,281,6,ατ,short,5
6,281,6,α,short,5
6,281,7,πάντ,long,6
6,281,7,α.,long,6
6,282,1,βέλτ,long,1
6,282,1,ερ,short,1
6,282,1,"ον,",short,1
6,282,2,εἰ,long,2
6,282,3,καὐτ,long,2
6,282,3,ή,long,3
6,282,4,περ,short,3
6,282,5,ἐπ,short,3
6,282,5,οιχ,long,4
6,282,5,ομ,short,4
6,282,5,έν,short,4
6,282,5,η,long,5
6,282,6,πόσ,short,5
6,282,6,ιν,short,5
6,282,7,εὗρ,long,6
6,282,7,εν,long,6
6,283,1,ἄλλ,long,1
6,283,1,οθ,short,1
6,283,1,εν·,short,1
6,283,2,ἦ,long,2
6,283,3,γὰρ,long,2
6,283,4,τούσδ,long,3
6,283,4,ε,short,3
6,283,5,γ’ ἀτ,short,3
6,283,5,ιμ,long,4
6,283,5,άζ,long,4
6,283,5,ει,long,5
6,283,6,κατ,short,5
6,283,6,ὰ,short,5
6,283,7,δῆμ,long,6
6,283,7,ον,long,6
6,284,1,Φαί,long,1
6,284,1,ηκ,long,1
6,284,1,"ας,",long,2
6,284,2,τοί,long,2
6,284,3,μιν,long,3
6,284,4,μνῶντ,long,3
6,284,4,αι,long,4
6,284,5,πολ,short,4
6,284,5,έ,short,4
6,284,5,ες,long,5
6,284,6,τε,short,5
6,284,7,καὶ,short,5
6,284,8,ἐσθλ,long,6
6,284,8,οί.,long,6
6,285,1,ὣς,long,1
6,285,2,ἐρ,short,1
6,285,2,έ,short,1
6,285,2,ουσ,long,2
6,285,2,"ιν,",short,2
6,285,3,ἐμ,short,2
6,285,3,οὶ,long,3
6,285,4,δέ,short,3
6,285,5,κ’ὀν,short,3
6,285,5,είδ,long,4
6,285,5,ε,short,4
6,285,5,α,short,4
6,285,6,ταῦτ,long,5
6,285,6,α,short,5
6,285,7,γέν,short,5
6,285,7,οιτ,long,6
6,285,7,ο.,long,6
6,286,1,καὶ,long,1
6,286,2,δ’ἄλλ,long,1
6,286,2,ῃ,long,2
6,286,3,νεμ,short,2
6,286,3,εσ,short,2
6,286,3,"ῶ,",long,3
6,286,4,ἥ,long,3
6,286,5,τις,long,4
6,286,6,τοι,long,4
6,286,6,αῦτ,long,5
6,286,6,ά,short,5
6,286,7,γε,short,5
6,286,8,ῥέζ,long,6
6,286,8,"οι,",long,6
6,287,1,ἥ,long,1
6,287,2,τ’ἀ,short,1
6,287,2,έκ,short,1
6,287,2,ητ,long,2
6,287,2,ι,short,2
6,287,3,φίλ,short,2
6,287,3,ων,long,3
6,287,4,πατρ,long,3
6,287,4,ὸς,long,4
6,287,5,καὶ,long,4
6,287,6,μητρ,long,5
6,287,6,ὸς,short,5
6,287,7,ἐ,short,5
6,287,7,όντ,long,6
6,287,7,"ων,",long,6
6,288,1,ἀνδρ,long,1
6,288,1,άσ,short,1
6,288,1,ι,short,1
6,288,2,μίσγ,long,2
6,288,2,ητ,long,2
6,288,2,"αι,",long,3
6,288,3,πρίν,long,3
6,288,4,γ’ἀμφ,long,4
6,288,4,άδ,short,4
6,288,4,ι,short,4
6,288,4,ον,long,5
6,288,5,γάμ,short,5
6,288,5,ον,short,5
6,288,6,ἐλθ,long,6
6,288,6,εῖν.,long,6
6,289,1,ξεῖν,long,1
6,289,1,"ε,",short,1
6,289,2,σὺ,short,1
6,289,3,δ’ὧδ’,long,2
6,289,4,ἐμ,short,2
6,289,4,έθ,short,2
6,289,4,εν,long,3
6,289,5,ξυν,short,3
6,289,5,ί,short,3
6,289,5,ει,long,4
6,289,6,ἔπ,short,4
6,289,6,"ος,",short,4
6,289,7,ὄφρ,long,5
6,289,7,α,short,5
6,289,8,τάχ,short,5
6,289,8,ιστ,long,6
6,289,8,α,long,6
6,290,1,πομπ,long,1
6,290,1,ῆς,long,1
6,290,2,καὶ,long,2
6,290,3,νόστ,long,2
6,290,3,οι,long,3
6,290,3,ο,short,3
6,290,4,τύχ,short,3
6,290,4,ῃς,long,4
6,290,5,παρ,short,4
6,290,5,ὰ,short,4
6,290,6,πατρ,long,5
6,290,6,ὸς,short,5
6,290,7,ἐμ,short,5
6,290,7,οῖ,long,6
6,290,7,ο.,long,6
6,291,1,δή,long,1
6,291,1,ομ,short,1
6,291,1,εν,short,1
6,291,2,ἀγλ,long,2
6,291,2,α,short,2
6,291,2,ὸν,short,2
6,291,3,ἄλσ,long,3
6,291,3,ος,short,3
6,291,4,Ἀθ,short,3
6,291,4,ήν,long,4
6,291,4,ης,long,4
6,291,5,ἄγχ,long,5
6,291,5,ι,short,5
6,291,6,κελ,short,5
6,291,6,εύθ,long,6
6,291,6,ου,long,6
6,292,1,αἰγ,long,1
6,292,1,είρ,long,1
6,292,1,ων·,long,2
6,292,2,ἐν,long,2
6,292,3,δὲ,long,3
6,292,4,κρήν,long,3
6,292,4,η,long,4
6,292,5,νά,short,4
6,292,5,"ει,",short,4
6,292,6,ἀμφ,long,5
6,292,6,ὶ,short,5
6,292,7,δὲ,short,5
6,292,8,λειμ,long,6
6,292,8,ών·,long,6
6,293,1,ἔνθ,long,1
6,293,1,α,short,1
6,293,2,δὲ,short,1
6,293,3,πατρ,long,2
6,293,3,ὸς,short,2
6,293,4,ἐμ,short,2
6,293,4,οῦ,long,3
6,293,5,τέμ,short,3
6,293,5,εν,short,3
6,293,5,ος,long,4
6,293,6,τεθ,short,4
6,293,6,αλ,short,4
6,293,6,υῖ,long,5
6,293,6,ά,short,5
6,293,7,τ’ἀλ,short,5
6,293,7,ω,long,6
6,293,7,"ή,",long,6
6,294,1,τόσσ,long,1
6,294,1,ον,short,1
6,294,2,ἀπ,short,1
6,294,2,ὸ,long,2
6,294,3,πτόλ,short,2
6,294,3,ι,short,2
6,294,3,"ος,",long,3
6,294,4,ὅσσ,long,3
6,294,4,ον,long,4
6,294,5,τε,short,4
6,294,6,γέγ,short,4
6,294,6,ων,long,5
6,294,6,ε,short,5
6,294,7,βο,short,5
6,294,7,ήσ,long,6
6,294,7,ας.,long,6
6,295,1,ἔνθ,long,1
6,295,1,α,short,1
6,295,2,καθ,short,1
6,295,2,εζ,long,2
6,295,2,όμ,short,2
6,295,2,εν,short,2
6,295,2,ος,long,3
6,295,3,μεῖν,long,3
6,295,3,αι,long,4
6,295,4,χρόν,short,4
6,295,4,"ον,",short,4
6,295,5,εἰς,long,5
6,295,6,ὅ,short,5
6,295,7,κεν,short,5
6,295,8,ἡμ,long,6
6,295,8,εῖς,long,6
6,296,1,ἄστ,long,1
6,296,1,υδ,short,1
6,296,1,ε,short,1
6,296,2,ἔλθ,long,2
6,296,2,ωμ,long,2
6,296,2,εν,long,3
6,296,3,καὶ,short,3
6,296,4,ἱκ,short,3
6,296,4,ώμ,long,4
6,296,4,εθ,short,4
6,296,4,α,short,4
6,296,5,δώμ,long,5
6,296,5,ατ,short,5
6,296,5,α,short,5
6,296,6,πατρ,long,6
6,296,6,ός.,long,6
6,297,1,αὐτ,long,1
6,297,1,ὰρ,short,1
6,297,2,ἐπ,short,1
6,297,2,ὴν,long,2
6,297,3,ἡμ,long,2
6,297,3,έας,long,3
6,297,4,ἔλπ,long,3
6,297,4,ῃ,long,4
6,297,5,ποτ,short,4
6,297,5,ὶ,short,4
6,297,6,δώμ,long,5
6,297,6,ατ’,short,5
6,297,7,ἀφ,short,5
6,297,7,ῖχθ,long,6
6,297,7,"αι,",long,6
6,298,1,καὶ,long,1
6,298,2,τότ,short,1
6,298,2,ε,short,1
6,298,3,Φαι,long,2
6,298,3,ήκ,long,2
6,298,3,ων,long,3
6,298,4,ἴμ,short,3
6,298,4,εν,short,3
6,298,5,ἐς,long,4
6,298,6,πόλ,short,4
6,298,6,ιν,short,4
6,298,7,ἠδ’,long,5
6,298,8,ἐρ,short,5
6,298,8,έ,short,5
6,298,8,εσθ,long,6
6,298,8,αι,long,6
6,299,1,δώμ,long,1
6,299,1,ατ,short,1
6,299,1,α,short,1
6,299,2,πατρ,long,2
6,299,2,ὸς,short,2
6,299,3,ἐμ,short,2
6,299,3,οῦ,long,3
6,299,4,μεγ,short,3
6,299,4,αλ,short,3
6,299,4,ήτ,long,4
6,299,4,ορ,short,4
6,299,4,ος,short,4
6,299,5,Ἀλκ,long,5
6,299,5,ιν,short,5
6,299,5,ό,short,5
6,299,5,οι,long,6
6,299,5,ο.,long,6
6,300,1,ῥεῖ,long,1
6,300,1,α,short,1
6,300,2,δ’ἀρ,short,1
6,300,2,ίγν,long,2
6,300,2,ωτ’,long,2
6,300,3,ἐστ,long,3
6,300,3,"ί,",short,3
6,300,4,καὶ,short,3
6,300,5,ἂν,long,4
6,300,6,πά,short,4
6,300,6,ϊς,short,4
6,300,7,ἡγ,long,5
6,300,7,ήσ,long,5
6,300,7,αιτ,long,6
6,300,7,ο,long,6
6,301,1,νήπ,long,1
6,301,1,ι,short,1
6,301,1,ος·,short,1
6,301,2,οὐ,long,2
6,301,3,μὲν,long,2
6,301,4,γάρ,long,3
6,301,5,τι,short,3
6,301,6,ἐ,short,3
6,301,6,οικ,long,4
6,301,6,ότ,short,4
6,301,6,α,short,4
6,301,7,τοῖσ,long,5
6,301,7,ι,short,5
6,301,8,τέτ,short,5
6,301,8,υκτ,long,6
6,301,8,αι,long,6
6,302,1,δώμ,long,1
6,302,1,ατ,short,1
6,302,1,α,short,1
6,302,2,Φαι,long,2
6,302,2,ήκ,long,2
6,302,2,"ων,",long,3
6,302,3,οἷ,long,3
6,302,3,ος,long,4
6,302,4,δόμ,short,4
6,302,4,ος,short,4
6,302,5,Ἀλκ,long,5
6,302,5,ιν,short,5
6,302,5,ό,short,5
6,302,5,οι,long,6
6,302,5,ο,long,6
6,303,1,ἥρ,long,1
6,303,1,ως.,long,1
6,303,2,ἀλλ’,long,2
6,303,3,ὁπ,short,2
6,303,3,ότ’,short,2
6,303,4,ἄν,long,3
6,303,5,σε,short,3
6,303,6,δόμ,short,3
6,303,6,οι,long,4
6,303,7,κεκ,short,4
6,303,7,ύθ,short,4
6,303,7,ωσ,long,5
6,303,7,ι,short,5
6,303,8,καὶ,short,5
6,303,9,αὐλ,long,6
6,303,9,"ή,",long,6
6,304,1,ὦκ,long,1
6,304,1,α,short,1
6,304,2,μάλ,short,1
6,304,2,α,long,2
6,304,3,μεγ,short,2
6,304,3,άρ,short,2
6,304,3,οι,long,3
6,304,3,ο,short,3
6,304,4,δι,short,3
6,304,4,ελθ,long,4
6,304,4,έμ,short,4
6,304,4,"εν,",short,4
6,304,5,ὄφρ’,long,5
6,304,6,ἂν,short,5
6,304,7,ἵκ,short,5
6,304,7,η,long,6
6,304,7,αι,long,6
6,305,1,μητ,long,1
6,305,1,έρ’,short,1
6,305,2,ἐμ,short,1
6,305,2,ήν·,long,2
6,305,3,ἡ,long,2
6,305,4,δ’ἧστ,long,3
6,305,4,αι,short,3
6,305,5,ἐπ’,short,3
6,305,6,ἐσχ,long,4
6,305,6,άρ,short,4
6,305,6,ῃ,short,4
6,305,7,ἐν,long,5
6,305,8,πυρ,short,5
6,305,8,ὸς,short,5
6,305,9,αὐγ,long,6
6,305,9,"ῇ,",long,6
6,306,1,ἠλ,long,1
6,306,1,άκ,short,1
6,306,1,ατ,short,1
6,306,1,α,long,2
6,306,2,στρωφ,long,2
6,306,2,ῶσ’,long,3
6,306,3,ἁλ,short,3
6,306,3,ιπ,short,3
6,306,3,όρφ,long,4
6,306,3,υρ,short,4
6,306,3,"α,",short,4
6,306,4,θαῦμ,long,5
6,306,4,α,short,5
6,306,5,ἰδ,short,5
6,306,5,έσθ,long,6
6,306,5,"αι,",long,6
6,307,1,κί,long,1
6,307,1,ον,short,1
6,307,1,ι,short,1
6,307,2,κεκλ,long,2
6,307,2,ιμ,short,2
6,307,2,έν,short,2
6,307,2,η·,long,3
6,307,3,δμῳ,long,3
6,307,3,αὶ,long,4
6,307,4,δέ,short,4
6,307,5,οἱ,short,4
6,307,6,εἵ,long,5
6,307,6,ατ’,short,5
6,307,7,ὄπ,short,5
6,307,7,ισθ,long,6
6,307,7,εν.,long,6
6,308,1,ἔνθ,long,1
6,308,1,α,short,1
6,308,2,δὲ,short,1
6,308,3,πατρ,long,2
6,308,3,ὸς,short,2
6,308,4,ἐμ,short,2
6,308,4,οῖ,long,3
6,308,4,ο,short,3
6,308,5,θρόν,short,3
6,308,5,ος,long,4
6,308,6,ποτ,short,4
6,308,6,ικ,short,4
6,308,6,έκλ,long,5
6,308,6,ιτ,short,5
6,308,6,αι,short,5
6,308,7,αὐτ,long,6
6,308,7,"ῇ,",long,6
6,309,1,τῷ,long,1
6,309,2,ὅ,short,1
6,309,3,γε,short,1
6,309,4,οἰν,long,2
6,309,4,οπ,short,2
6,309,4,οτ,short,2
6,309,4,άζ,long,3
6,309,4,ει,short,3
6,309,5,ἐφ,short,3
6,309,5,ήμ,long,4
6,309,5,εν,short,4
6,309,5,ος,short,4
6,309,6,ἀθ,long,5
6,309,6,άν,short,5
6,309,6,ατ,short,5
6,309,6,ος,long,6
6,309,7,ὥς.,long,6
6,310,1,τὸν,long,1
6,310,2,παρ,short,1
6,310,2,αμ,short,1
6,310,2,ειψ,long,2
6,310,2,άμ,short,2
6,310,2,εν,short,2
6,310,2,ος,long,3
6,310,3,μητρ,long,3
6,310,3,ὸς,long,4
6,310,4,περ,short,4
6,310,4,ὶ,short,4
6,310,5,γούν,long,5
6,310,5,ασ,short,5
6,310,5,ι,short,5
6,310,6,χεῖρ,long,6
6,310,6,ας,long,6
6,311,1,βάλλ,long,1
6,311,1,ειν,long,1
6,311,2,ἡμ,long,2
6,311,2,ετ,short,2
6,311,2,έρ,short,2
6,311,2,"ης,",long,3
6,311,3,ἵν,short,3
6,311,3,α,short,3
6,311,4,νόστ,long,4
6,311,4,ιμ,short,4
6,311,4,ον,short,4
6,311,5,ἦμ,long,5
6,311,5,αρ,short,5
6,311,6,ἴδ,short,5
6,311,6,η,long,6
6,311,6,αι,long,6
6,312,1,χαίρ,long,1
6,312,1,ων,long,1
6,312,2,καρπ,long,2
6,312,2,αλ,short,2
6,312,2,ίμ,short,2
6,312,2,"ως,",long,3
6,312,3,εἰ,long,3
6,312,4,καὶ,long,4
6,312,5,μάλ,short,4
6,312,5,α,short,4
6,312,6,τηλ,long,5
6,312,6,όθ,short,5
6,312,6,εν,short,5
6,312,7,ἐσσ,long,6
6,312,7,ί.,long,6
6,313,1,εἴ,long,1
6,313,2,κέν,long,1
6,313,3,τοι,long,2
6,313,4,κείν,long,2
6,313,4,η,long,3
6,313,5,γε,short,3
6,313,6,φίλ,short,3
6,313,6,α,long,4
6,313,7,φρον,short,4
6,313,7,έ,short,4
6,313,7,ῃσ’,long,5
6,313,8,ἐν,short,5
6,313,8,ὶ,short,5
6,313,9,θυμ,long,6
6,313,9,"ῷ,",long,6
6,314,1,ἐλπ,long,1
6,314,1,ωρ,long,1
6,314,1,ή,long,2
6,314,2,τοι,short,2
6,314,3,ἔπ,short,2
6,314,3,ειτ,long,3
6,314,3,α,short,3
6,314,4,φίλ,short,3
6,314,4,ους,long,4
6,314,5,τ’ἰδ,short,4
6,314,5,έ,short,4
6,314,5,ειν,long,5
6,314,6,καὶ,short,5
6,314,7,ἱκ,short,5
6,314,7,έσθ,long,6
6,314,7,αι,long,6
6,315,1,οἶκ,long,1
6,315,1,ον,short,1
6,315,2,ἐ,short,1
6,315,2,υκτ,long,2
6,315,2,ίμ,short,2
6,315,2,εν,short,2
6,315,2,ον,long,3
6,315,3,καὶ,long,3
6,315,4,σὴν,long,4
6,315,5,ἐς,long,4
6,315,6,πατρ,long,5
6,315,6,ίδ,short,5
6,315,6,α,short,5
6,315,7,γαῖ,long,6
6,315,7,αν.,long,6
6,316,1,ὣς,long,1
6,316,2,ἄρ,short,1
6,316,2,α,short,1
6,316,3,φων,long,2
6,316,3,ήσ,long,2
6,316,3,ασ’,long,3
6,316,4,ἵμ,short,3
6,316,4,ασ,short,3
6,316,4,εν,long,4
6,316,5,μάστ,long,4
6,316,5,ιγ,long,5
6,316,5,ι,short,5
6,316,6,φα,short,5
6,316,6,ειν,long,6
6,316,6,ῇ,long,6
6,317,1,ἡμ,long,1
6,317,1,ι,short,1
6,317,1,όν,short,1
6,317,1,ους·,long,2
6,317,2,αἱ,long,2
6,317,3,δ’ὦκ,long,3
6,317,3,α,short,3
6,317,4,λίπ,short,3
6,317,4,ον,long,4
6,317,5,ποτ,short,4
6,317,5,αμ,short,4
6,317,5,οῖ,long,5
6,317,5,ο,short,5
6,317,6,ῥέ,short,5
6,317,6,εθρ,long,6
6,317,6,α.,long,6
6,318,1,αἱ,long,1
6,318,2,δ’ἐ,short,1
6,318,2,ὺ,short,1
6,318,3,μὲν,long,2
6,318,4,τρώχ,long,2
6,318,4,"ων,",long,3
6,318,5,ἐ,short,3
6,318,5,ὺ,short,3
6,318,6,δὲ,long,4
6,318,7,πλίσσ,long,4
6,318,7,οντ,long,5
6,318,7,ο,short,5
6,318,8,πόδ,short,5
6,318,8,εσσ,long,6
6,318,8,ιν·,long,6
6,319,1,ἡ,long,1
6,319,2,δὲ,short,1
6,319,3,μάλ’,short,1
6,319,4,ἡν,long,2
6,319,4,ι,short,2
6,319,4,όχ,short,2
6,319,4,ευ,long,3
6,319,4,"εν,",short,3
6,319,5,ὅπ,short,3
6,319,5,ως,long,4
6,319,6,ἅμ’,short,4
6,319,7,ἑπ,short,4
6,319,7,οί,long,5
6,319,7,ατ,short,5
6,319,7,ο,short,5
6,319,8,πεζ,long,6
6,319,8,οὶ,long,6
6,320,1,ἀμφ,long,1
6,320,1,ίπ,short,1
6,320,1,ολ,short,1
6,320,1,οί,long,2
6,320,2,τ’Ὀδ,short,2
6,320,2,υσ,short,2
6,320,2,εύς,long,3
6,320,3,"τε,",short,3
6,320,4,νό,short,3
6,320,4,ῳ,long,4
6,320,5,δ’ἐπ,short,4
6,320,5,έβ,short,4
6,320,5,αλλ,long,5
6,320,5,εν,short,5
6,320,6,ἱμ,short,5
6,320,6,άσθλ,long,6
6,320,6,ην.,long,6
6,321,1,δύσ,long,1
6,321,1,ετ,short,1
6,321,1,ό,short,1
6,321,2,τ’ἠ,long,2
6,321,2,έλ,short,2
6,321,2,ι,short,2
6,321,2,ος,long,3
6,321,3,καὶ,long,3
6,321,4,τοὶ,long,4
6,321,5,κλυτ,short,4
6,321,5,ὸν,short,4
6,321,6,ἄλσ,long,5
6,321,6,ος,short,5
6,321,7,ἵκ,short,5
6,321,7,οντ,long,6
6,321,7,ο,long,6
6,322,1,ἱρ,long,1
6,322,1,ὸν,short,1
6,322,2,Ἀθ,short,1
6,322,2,ην,long,2
6,322,2,αί,long,2
6,322,2,"ης,",long,3
6,322,3,ἵν’,short,3
6,322,4,ἄρ’,short,3
6,322,5,ἕζ,long,4
6,322,5,ετ,short,4
6,322,5,ο,short,4
6,322,6,δῖ,long,5
6,322,6,ος,short,5
6,322,7,Ὀδ,short,5
6,322,7,υσσ,long,6
6,322,7,εύς.,long,6
6,323,1,αὐτ,long,1
6,323,1,ίκ’,short,1
6,323,2,ἔπ,short,1
6,323,2,ειτ’,long,2
6,323,3,ἠρ,long,2
6,323,3,ᾶτ,long,3
6,323,3,ο,short,3
6,323,4,Δι,short,3
6,323,4,ὸς,long,4
6,323,5,κούρ,long,4
6,323,5,ῃ,long,5
6,323,6,μεγ,short,5
6,323,6,άλ,short,5
6,323,6,οι,long,6
6,323,6,ο·,long,6
6,324,1,κλῦθ,long,1
6,324,1,ί,short,1
6,324,2,"μοι,",short,1
6,324,3,αἰγ,long,2
6,324,3,ι,short,2
6,324,3,όχ,short,2
6,324,3,οι,long,3
6,324,3,ο,short,3
6,324,4,Δι,short,3
6,324,4,ὸς,long,4
6,324,5,τέκ,short,4
6,324,5,"ος,",short,4
6,324,6,Ἀτρ,long,5
6,324,6,υτ,long,5
6,324,6,ών,long,6
6,324,6,η·,long,6
6,325,1,νῦν,long,1
6,325,2,δή,long,1
6,325,3,πέρ,long,2
6,325,4,μευ,short,2
6,325,5,ἄκ,short,2
6,325,5,ουσ,long,3
6,325,5,"ον,",short,3
6,325,6,ἐπ,short,3
6,325,6,εὶ,long,4
6,325,7,πάρ,short,4
6,325,7,ος,short,4
6,325,8,οὔ,long,5
6,325,9,ποτ’,short,5
6,325,10,ἄκ,short,5
6,325,10,ουσ,long,6
6,325,10,ας,long,6
6,326,1,ῥαι,long,1
6,326,1,ομ,short,1
6,326,1,έν,short,1
6,326,1,"ου,",long,2
6,326,2,ὅτ,short,2
6,326,2,ε,short,2
6,326,3,μ’ἔρρ,long,3
6,326,3,αι,long,3
6,326,3,ε,long,4
6,326,4,κλυτ,short,4
6,326,4,ὸς,short,4
6,326,5,ἐνν,long,5
6,326,5,οσ,short,5
6,326,5,ίγ,short,5
6,326,5,αι,long,6
6,326,5,ος.,long,6
6,327,1,δός,long,1
6,327,2,μ’ἐς,long,1
6,327,3,Φαί,long,2
6,327,3,ηκ,long,2
6,327,3,ας,long,3
6,327,4,φίλ,short,3
6,327,4,ον,short,3
6,327,5,ἐλθ,long,4
6,327,5,εῖν,long,4
6,327,6,ἠδ’,long,5
6,327,7,ἐλ,short,5
6,327,7,ε,short,5
6,327,7,ειν,long,6
6,327,7,όν.,long,6
6,328,1,ὣς,long,1
6,328,2,ἔφ,short,1
6,328,2,ατ’,short,1
6,328,3,εὐχ,long,2
6,328,3,όμ,short,2
6,328,3,εν,short,2
6,328,3,"ος,",long,3
6,328,4,τοῦ,long,3
6,328,5,δ’ἔκλ,long,4
6,328,5,υ,short,4
6,328,5,ε,short,4
6,328,6,Παλλ,long,5
6,328,6,ὰς,short,5
6,328,7,Ἀθ,short,5
6,328,7,ήν,long,6
6,328,7,η.,long,6
6,329,1,αὐτ,long,1
6,329,1,ῷ,long,1
6,329,2,δ’οὔ,long,2
6,329,3,πω,long,2
6,329,4,φαίν,long,3
6,329,4,ετ’,short,3
6,329,5,ἐν,short,3
6,329,5,αντ,long,4
6,329,5,ί,short,4
6,329,5,η·,short,4
6,329,6,αἴδ,long,5
6,329,6,ετ,short,5
6,329,6,ο,short,5
6,329,7,γάρ,long,6
6,329,8,ῥα,long,6
6,330,1,πατρ,long,1
6,330,1,οκ,short,1
6,330,1,ασ,short,1
6,330,1,ίγν,long,2
6,330,1,ητ,long,2
6,330,1,ον·,long,3
6,330,2,ὁ,short,3
6,330,3,δ’ἐπ,short,3
6,330,3,ιζ,long,4
6,330,3,αφ,short,4
6,330,3,ελ,short,4
6,330,3,ῶς,long,5
6,330,4,μεν,short,5
6,330,4,έ,short,5
6,330,4,αιν,long,6
6,330,4,εν,long,6
6,331,1,ἀντ,long,1
6,331,1,ιθ,short,1
6,331,1,έ,short,1
6,331,1,ῳ,long,2
6,331,2,Ὀδ,short,2
6,331,2,υσ,short,2
6,331,2,ῆ,long,3
6,331,2,ι,short,3
6,331,3,πάρ,short,3
6,331,3,ος,long,4
6,331,4,ἣν,long,4
6,331,5,γαῖ,long,5
6,331,5,αν,short,5
6,331,6,ἱκ,short,5
6,331,6,έσθ,long,6
6,331,6,αι.,long,6
